idx	style	imgs	text
0			Aceites
1		media/image44.png	ACEITE DE COCO
2			El aceite de coco, ya sea en estado sólido o líquido, proviene del fruto del cocotero (Cocos nucifera), una planta tropical ampliamente cultivada en regiones como Filipinas, Indonesia, India y Sri Lanka. Su estado físico depende de la temperatura ambiente: sólido por debajo de los 24-25°C y líquido por encima de esta temperatura.
3	Heading3		Usos y beneficios para la salud humana
4			El aceite de coco contiene ácidos grasos de cadena media, como el ácido láurico, que tiene propiedades antimicrobianas y antivirales. Entre sus beneficios podemos destacar:
5			"Reducción del colesterol: Ayuda a disminuir el colesterol LDL (""malo"") y los triglicéridos."
6			Propiedades antifúngicas y antivirales: Útil en el tratamiento de infecciones como la candidiasis.
7			Hidratación de la piel y el cabello: Se utiliza como mascarilla capilar y crema hidratante.
8			Energía rápida: Sus grasas se convierten rápidamente en energía, ideal para deportistas.
9	Heading3		Usos y preparaciones gastronómicas
10			En la cocina, el aceite de coco es versátil y aporta un sabor tropical a los platos. Algunos de sus usos incluyen:
11			Cocción y fritura: Gracias a su alto punto de humo, es ideal para freír y saltear.
12			Repostería: Se utiliza como sustituto de la mantequilla en pasteles y galletas.
13			Aderezos y salsas: Su textura y sabor lo hacen perfecto para ensaladas y marinadas.
14			Preparaciones caseras: Como granola o curry, donde realza los sabores.
15			Uso en cosmética: como acondicionador, nutre el cabello y evita el encrespamiento. Para las estrías, aplicarlo en las zonas conflictivas y realizar masajes circulares. Para la hidratación de la piel del rostro y cuerpo favoreciendo su elasticidad. Como desmaquillante, limpia la piel dejándola sin restos de maquillaje. Protector labial, actuando como bálsamo labial para hidratar los labios de forma natural.
16			
17			¿Cuáles son las diferencias en los beneficios para la salud?
18			La principal diferencia entre el aceite de coco sólido y el líquido radica en su procesamiento, lo que puede influir en sus beneficios para la salud.
19			Aceite de coco sólido: Este es aceite de coco virgen o prensado en frío, que mantiene la mayoría de sus compuestos naturales, como el ácido láurico, y no está refinado. Sus beneficios incluyen:
20			Propiedades antimicrobianas gracias al ácido láurico, eficaz contra bacterias y hongos.
21			Mayor contenido de antioxidantes que ayudan a combatir el estrés oxidativo.
22			"Efectos positivos sobre el colesterol al aumentar el HDL (""colesterol bueno"")."
23			Aceite de coco líquido (fraccionado): Este se obtiene al eliminar algunos de los ácidos grasos, como el ácido láurico, lo que lo hace más estable en estado líquido. Sus características y beneficios son:
24			Ideal para absorción rápida debido a los triglicéridos de cadena media (MCT).
25			Menor contenido de antioxidantes, pero sigue siendo útil para fines energéticos.
26			Uso cosmético preferido porque es más ligero y menos grasoso.
27			En resumen, el aceite de coco sólido es mejor si buscas beneficios integrales y mayor contenido natural, mientras que el líquido se especializa en aplicaciones cosméticas y energéticas.
28			Ambos tipos de aceite de coco, sólido y líquido, ofrecen beneficios únicos, dependiendo de cómo se usen y procesen. Aquí te detallo sus principales ventajas:
29	Heading3		Beneficios del aceite de coco sólido (virgen o prensado en frío):
30			Propiedades antimicrobianas: Gracias a su contenido de ácido láurico, ayuda a combatir bacterias, hongos y virus.
31			Rico en antioxidantes: Conserva compuestos naturales que ayudan a proteger las células del daño oxidativo.
32			"Mejora del colesterol: Aumenta los niveles de HDL (""colesterol bueno"") y puede contribuir a la salud cardiovascular."
33			Hidratación profunda: Perfecto como mascarilla para la piel y el cabello.
34			Natural y menos procesado: Ideal para quienes buscan un producto puro y sin refinar.
35	Heading3		Beneficios del aceite de coco líquido (fraccionado):
36			Mayor estabilidad: Es resistente a la oxidación, lo que le da una mayor vida útil.
37			Ligero y de rápida absorción: Popular en cosmética, no deja sensación grasosa y se absorbe rápidamente por la piel.
38			Enfoque energético: Contiene principalmente triglicéridos de cadena media (MCT), que el cuerpo utiliza como fuente de energía rápida.
39			Versatilidad: Es más fluido y práctico para aplicaciones tópicas, como aceites de masaje o productos de cuidado personal.
40			Menor aroma y sabor: Al ser procesado, tiene un olor más neutro, lo que puede ser preferible en ciertas recetas.
41			En términos generales, el aceite sólido es más adecuado para quienes buscan beneficios integrales y naturales, mientras que el líquido destaca por su facilidad de uso y aplicaciones específicas, especialmente cosméticas.
42			www.estarguapas.com
43			www.aceitedecoco.org
44			laguiadelasvitaminas.com
45			www.tuscocinaseconomicas.es
46			
47		media/image119.png	MIEL DE ABEJA
48			Además de usarse como edulcorante natural, la miel se usa como  antiinflamatorio, antioxidante y agente antibiótico. Las personas suelen usar la miel por vía oral para tratar la tos y, en forma tópica, para tratar quemaduras y favorecer la curación de las heridas.
49			Beneficios de la miel:
50			Alivia la tos.
51			Mejora la memoria.
52			Cura heridas.
53			Proporciona nutrientes.
54			Potencialmente, previene la disminución del número de leucocitos totales.
55			Puede remediar alergias temporales.
56			Mata bacterias resistentes a antibióticos.
57			Puede ayudar a metabolizar el alcohol.
58			Contiene una gran cantidad de nutrientes saludables
59			Es rica en antioxidantes que ayudan a bajar la presión arterial.
60			Es mejor que el azúcar para los diabéticos
61			Ayuda a reducir el colesterol malo
62			Puede reducir los triglicéridos
63			
64			
65			La miel de abeja es un producto natural elaborado por las abejas a partir del néctar de las flores. Este néctar es transformado y almacenado en los panales, donde madura hasta convertirse en miel. Su origen se remonta a tiempos prehistóricos, y ha sido valorada en diversas culturas por sus propiedades medicinales, nutricionales y gastronómicas
66	Heading3		Usos y beneficios para la salud humana
67			La miel de abeja es conocida por sus múltiples propiedades terapéuticas y preventivas:
68			Propiedades antibacterianas y cicatrizantes: Se utiliza para tratar heridas, quemaduras y úlceras debido a su capacidad para prevenir infecciones4.
69			Alivio de afecciones respiratorias: Es un remedio natural para la tos y el dolor de garganta, especialmente cuando se combina con limón o jengibre5.
70			Regulación del colesterol: Ayuda a reducir el colesterol LDL y aumentar el HDL, contribuyendo a la salud cardiovascular.
71			Energía natural: Es una fuente rápida de energía gracias a su contenido de azúcares naturales.
72			Apoyo digestivo: Favorece la digestión y puede aliviar problemas como el colon irritable.
73	Heading3		Usos y preparaciones gastronómicas
74			La miel es un ingrediente versátil en la cocina, tanto en platos dulces como salados:
75			Endulzante natural: Se utiliza en bebidas, postres y repostería como alternativa al azúcar refinado7.
76			Glaseados y marinados: Ideal para carnes y pescados, como en alitas de pollo o salmón glaseado7.
77			Salsas y aderezos: Combina bien en vinagretas, salsas de mostaza y miel, o reducciones para acompañar platos principales.
78			Conservante natural: Gracias a sus propiedades antimicrobianas, se emplea en la conservación de alimentos.
79			Infusiones y remedios caseros: Se mezcla con hierbas y especias para preparar bebidas reconfortantes.
80			La miel no solo es un alimento delicioso, sino también un aliado para la salud y la creatividad culinaria.
81			Existen numerosos estudios científicos que respaldan los beneficios de la miel para la salud humana. Aquí te comparto algunos hallazgos destacados:
82			Propiedades antioxidantes: La miel contiene flavonoides y compuestos fenólicos que actúan como antioxidantes, ayudando a combatir el estrés oxidativo y reduciendo el riesgo de enfermedades cardiovasculares2.
83			Regulación glicémica: Investigaciones han demostrado que la miel puede influir positivamente en la regulación de la glucosa en sangre, especialmente en personas con diabetes o intolerancia a la glucosa. Comparada con otros azúcares, la miel tiene un menor impacto en los niveles de glucosa.
84			Propiedades antimicrobianas: La miel tiene actividad antimicrobiana gracias a su contenido de peróxido de hidrógeno y su baja actividad de agua, lo que la hace efectiva contra bacterias y hongos3.
85			Cicatrización de heridas: Estudios in vitro e in vivo han demostrado que la miel puede acelerar la cicatrización de heridas y quemaduras, gracias a sus propiedades antiinflamatorias y su capacidad para mantener un ambiente húmedo en las heridas.
86			Apoyo inmunológico: La miel puede modular la respuesta inmune y tiene potencial en la prevención de infecciones y enfermedades inflamatorias
87			
88			SEMILLAS  Y CEREALES
89		media/image91.png	ARROZ PARA SUSHI
90			Este cereal es el segundo con mayor producción mundial y es la base de la alimentación de un tercio de la población del planeta. Ya sabemos que además es uno de los ingredientes fundamentales que acompañan al sushi y muchos otros platos de la cocina japonesa.
91			Las propiedades del arroz son numerosas y beneficiosas para el organismo, por lo que debe aparecer en una dieta sana y equilibrada. Conozcamos mejor las características del arroz y los beneficios que puede aportarnos.
92			El arroz tiene interesantes propiedades nutricionales. Es un alimento versátil que se puede preparar de múltiples maneras en elaboraciones saladas y dulces. Existen más de 2000 variedades distintas de arroz que varían en forma, color y contenido de almidón.
93			Las principales propiedades nutricionales del arroz son las siguientes:
94			Su alto contenido en hidratos de carbono complejos y, por tanto, de absorción lenta lo convierten en un alimento perfecto para aportar energía.
95			Contiene minerales como calcio, hierro, magnesio, selenio, zinc y potasio.
96			El arroz es una buena fuente de proteínas y vitaminas principalmente del grupo B, como la niacina, riboflavina, ácido fólico y tiamina. También aporta al organismo vitamina D y ácidos grasos omega 3.
97			Entre las propiedades del arroz cabe destacar que es un alimento libre de grasas y de colesterol.
98			El arroz no contiene gluten lo que lo convierte en un alimento idóneo para personas con celiaquía o intolerancia al gluten.
99			
100			
101		media/image63.png	QUINUA POP
102			Es un producto alimenticio que se obtiene al someter a la semilla de quinoa a a altas temperaturas en un proceso de cocción que la hace explotar.
103			Entre otras razones por las cuales se puede incluir en la alimentación:
104			Es fuente de proteínas completas
105			Aporta grandes cantidades de fibra
106			Fuente de hierro
107			Aporta vitaminas del complejo B
108			¡Es apta para todos! no tiene gluten
109			
110			Curiosamente, a pesar que la quinua parece un cereal, no pertenece a la familia de las gramíneas (trigo, arroz, maíz, avena y otros). No obstante, las propiedades de la quinoa inflada compiten con cualquier cereal, pues posee gran cantidad de proteínas de alto valor biológico, todos los aminoácidos esenciales, vitaminas B, E y C, abundantes minerales (magnesio, calcio, hierro, potasio y sílice), fibra, carbohidratos de absorción lenta, contenido graso bajo y saludable y otros nutrientes. Por ello, la quinoa es buena para adelgazar también.
111		media/image100.png	GRANOLA
112			La granola es un cereal que cuenta con la capacidad de mantener regulados los niveles de azúcar en la sangre. Esto se debe a los beta-glucanos, un tipo de fibra soluble que ayuda a reducir la glucosa y mejora la resistencia a la insulina.
113			La granola ayuda a reforzar el sistema inmunológico, favorece el tránsito intestinal y es un buen aporte de vitaminas, minerales y proteínas como la vitamina E, el ácido fólico, tiamina, magnesio, fósforo, cobre, zinc y selenio.
114			La granola tiene cientos de beneficios en tu salud y en especial si está siguiendo una dieta sin gluten. Nuestro producto: Hojuelas de Avena sin gluten es el complemento ideal para una granola sin gluten. A continuación te presentamos algunos beneficios de la granola:
115			
116			Te brinda energía duradera y te ayuda a mantener tus niveles de azúcar en la sangre estables.
117			La granola es una buena fuente de vitaminas y minerales esenciales como el hierro, el magnesio y la vitamina E, que son importantes para la salud en general.
118			La fibra soluble e insoluble que se encuentra en la granola ayuda a mejorar la digestión y promueve una buena salud intestinal.
119			La granola es una base versátil para muchas recetas. Se puede comer como cereal con leche, agregar a un yogur, mezclar con frutas o incluso hacer barras de granola.
120			La granola es rica en fibra y proteína, lo que ayuda a mantenernos satisfechos por más tiempo y evita el exceso de comida.
121			
122			MIJO
123		media/image62.jpg	Es un cereal pequeño similar a la quinoa y considerado como un superalimento con grandes beneficios para la salud.
124			Está lleno de vitaminas y minerales, y tiene niveles más altos de proteína y fibra que muchos otros granos de uso más común. Y la mejor parte es que, naturalmente, ¡no contiene gluten! Por lo que puede ser consumido por los celíacos.
125	Heading3		Entre las propiedades del mijo tenemos:
126			Nutricionalmente, el mijo es un cereal más rico en proteínas y grasas que, por ejemplo, el arroz.
127			Además, es una fuente significativa de hierro (60gr cubren el 41% de las necesidades diarias), magnesio (29%) y zinc.
128			Es uno de los granos más energéticos (41gr de hidratos de carbono en 60gr, con una cantidad moderada de proteínas y pocas grasas, 6 y 2gr).
129			
130			MOSTAZA
131		media/image1.jpg	La mostaza es una pequeña semilla que curiosamente tiene muchas propiedades buenas para nuestro cuerpo: Es antiinflamatoria, un antibiótico natural, ayuda a la buena digestión, es un buen descongestionante, según expertos, la mostaza es clave para mantener huesos, articulaciones y músculos fuertes.
132			Además, la mostaza también tiene ácidos grasos omega-3 y omega-6, lo que ayuda a regular los niveles de triglicéridos. Fuente de nutrientes: Contienen selenio, vitamina C y vitamina B12, por lo que ayudan al desarrollo de las células y al buen funcionamiento neuronal, entre otros.
133			
134			CARDOMARIANO
135		media/image114.jpg	El cardo mariano, conocido científicamente como Silybum marianum, es una planta medicinal con múltiples propiedades beneficiosas para la salud
136			
137			Es una planta cuyos frutos y semillas se han utilizado durante más de dos mil años como tratamiento de los trastornos del hígado y el conducto biliar. El principio activo del cardo mariano es la silimarina. El cardo mariano se ha usado a lo largo de la historia para tratar malestares del hígado, como hepatitis o cirrosis, así como problemas con la vesícula.
138	Heading3		Propiedades
139			Hepatoprotectoras: Ayuda a proteger y regenerar las células del hígado, siendo útil en casos de hígado graso, hepatitis y cirrosis.
140			Antioxidantes: Combate el daño celular causado por los radicales libres.
141			Antiinflamatorias: Reduce la inflamación en el organismo.
142			Antidiabéticas: Contribuye a regular los niveles de glucosa en sangre.
143			Cardioprotectoras: Ayuda a disminuir el colesterol LDL y mejora la salud cardiovascular.
144			Usos
145			Del cardo mariano se utilizan principalmente las semillas, ya que contienen altas concentraciones de su componente activo más importante, la silimarina, que es responsable de sus efectos medicinales. Los frutos (a menudo confundidos con las semillas) también se aprovechan debido a su contenido en antioxidantes. Las hojas, aunque menos utilizadas, se emplean en algunas preparaciones para aliviar problemas digestivos menores.
146			Té de Cardo Mariano: Se pueden utilizar las semillas molidas o trituradas para preparar un té. Se recomienda hervir una cucharadita de semillas en una taza de agua durante unos 10 minutos, colar y beber caliente o frío.
147			Las semillas de cardo mariano se pueden preparar de diferentes formas para aprovechar sus beneficios medicinales. Aquí tienes las opciones más comunes:
148	Heading3		1. Infusión o té
149			Ingredientes: 1 cucharadita de semillas de cardo mariano trituradas y 250 ml de agua caliente.
150			Preparación:
151			Tritura ligeramente las semillas con un mortero para liberar sus componentes activos.
152			Hierve el agua y viértela sobre las semillas trituradas.
153			Deja reposar durante 10-15 minutos.
154			Cuela la mezcla antes de beber.
155			Dosis recomendada: Consumir 2-3 tazas al día.
156	Heading3		2. Polvo para batidos o jugos
157			Tritura las semillas en un molinillo o licuadora hasta obtener un polvo fino.
158			Añade 1-2 cucharaditas de este polvo a batidos, jugos o incluso al yogur.
159	Heading3		3. Cápsulas caseras
160			Si prefieres, puedes encapsular el polvo de las semillas utilizando cápsulas vacías (disponibles en tiendas de productos naturales).
161			Ideal para una dosificación más controlada.
162	Heading3		4. Extracto casero
163			Mezcla las semillas trituradas con alcohol etílico de grado alimenticio (como vodka).
164			Deja macerar en un recipiente oscuro durante 2-3 semanas, agitándolo ocasionalmente.
165			Cuela el líquido y almacénalo en un frasco oscuro. Se usa en gotas según recomendación médica.
166			Es importante recordar que, aunque el cardo mariano es un suplemento natural, siempre es recomendable consultar con un médico antes de incluirlo en tu rutina, especialmente si estás tomando medicamentos o tienes condiciones médicas preexistentes.
167		media/image84.jpg	CÁÑAMO
168			Entre las propiedades del càñamo podemos señalar:
169			Rico en nutrientes esenciales: su contenido es de 35% de ácidos grasos esenciales y 33% de proteína vegetal, posee nueve aminoácidos esenciales y de fibra dietética.
170			Puede reducir el riesgo de enfermedad cardíaca, por su contenido de óxido nítrico que hace que los vasos sanguíneos se dilaten y relaje,
171			Apoya la pérdida de peso saludable: por su contenido de grasas dietéticas y fibra ayuda a sentirse más lleno por más tiempo.
172			Ayuda a la digestión saludable: por ser rica en fibras dietéticas tanto soluble como insoluble agregando volumen a las heces, manteniendo la digestión regular.
173			Mejora la salud del cabello, la piel y las uñas: debido a que contiene omega 3 y omega 6 que se usan con frecuencia en cosméticos por que tienen la capacidad de penetrar a través de la piel para promover el crecimiento celular.
174			
175			AMARANTO
176		media/image34.jpg	El amaranto es el producto de origen vegetal más completo, es una de las fuentes más importante de proteínas, minerales y vitaminas naturales: A, B, C, B1, B2, B3; así como de ácido fólico, niacina, calcio, hierro y fósforo.
177			Además, es uno de los alimentos con altísima presencia de aminoácidos como la lisina.
178			El amaranto protege tu sistema óseo de la osteoporosis debido al aporte de fósforo, magnesio y calcio. Favorece la salud cardiovascular. Puede regular los niveles de colesterol en sangre. Además, es más rico en grasas que la avena y sus compuestos fenólicos poseen un alto poder antioxidante.
179			AMARANTO POP
180		media/image29.jpg	Amaranto pop natural es el grano de Amaranto que expuesto al calor, se infla o explota como una palomita de maíz. Es un sano complemento para agregar a tu yogurt, batidos y ensaladas de frutas. Es liviano y de suave sabor listo para consumir. No necesita cocción, NO ESTÁ endulzado.
181			El amaranto es considerado un superalimento que aporta gran cantidad de aminoácidos, proteínas y vitaminas. Al igual que la quinoa es un pseudocereal, con los que comparte propiedades similares. Al igual que la quínoa tiene más lisina que otros granos, por lo que la proteína es más «completa».
182			La composición nutricional del amaranto ha merecido que sea considerado uno de los 36 vegetales con mayor potencial alimenticio para la humanidad, debido a su riqueza en minerales y proteínas, su resistencia a la sequía y su gran rendimiento agrícola.
183			
184			La extraordinaria composición del amaranto se traduce en una serie de beneficios para el bienestar y la salud:
185			AUMENTA EL RENDIMIENTO FÍSICO Y MENTAL
186	Heading3		AMIGO DEL CORAZÓN
187	Heading3		FORTALECE LOS HUESOS
188	Heading4		MÁS FIBRA QUE EN OTROS CEREALES
189	Heading4		RICO EN MINERALES
190	Heading4		Uso sugerido:
191			Incluye Amaranto pop en tus desayunos y colaciones saludables, puedes agregar en ensaladas de fruta, yogurt, leches y batidos.
192	Heading4		Almacenamiento: Mantener bien cerrado.
193			Conservar en lugar fresco y seco a temperatura menor de 20º C. El producto sellado se conserva hasta 12 meses.
194			AVENA EN HOJUELA
195		media/image98.jpg	Este es uno de los cereales más completos y equilibrados, debido a que aporta carbohidratos, fibra, grasa y minerales. Es rico en magnesio, cobre, hierro, zinc y vitamina B1, entre otros.
196			Es un alimento que facilita el tránsito intestinal y evita el estreñimiento, así como la inflamación del estómago. También ayuda a calmar la sensación de hambre, ya que tiene carbohidratos que se absorben lentamente.
197			Debido a que es fuente importante de fibra, la avenas en hojuelas favorece el tránsito intestinal, lo que ayuda a prevenir que se presente estreñimiento y a su vez evita el síndrome de colon irritable y el desarrollo de otras afecciones como las hemorroides.
198			Otro de los aportes de esta fibra es que ayuda a controlar los niveles de azúcar en la sangre, evitando los picos de glucosa, por lo que es favorable para personas con diabetes 2.
199			Entre los principales beneficios están:• Contribuye a la reducción del colesterol LDL.• Tiene un nivel de glucémico muy bajo y que se asimila de forma lenta, conservando así los niveles de azúcar a raya.• Ayuda a prolongar la sensación de saciedad y regula el tránsito intestinal.• Fortalece el sistema inmunológico.
200			
201		media/image102.jpg	AVENA TOSTADA
202			Avena tostada con miel, ideal como base de desayuno para armar tu granola.
203			Rica en fibra, vitaminas y minerales esenciales.
204			Ayuda a controlar el apetito y mantener niveles estables de energía.
205			Puede reducir el colesterol y proteger la salud de tu corazón. Ayuda a controlar el nivel de azúcar en la sangre. Es un alimento que aporta saciedad, con lo que también es bueno para bajar de peso. Puede ayudar al cuidado de la piel, cuando la usas con tus productos.
206			Este cereal orgánico, además de su sabor delicioso, destaca por sus fabulosos efectos benéficos sobre nuestro organismo, gracias a su gran riqueza en nutrientes.
207			Es una excelente fuente de fibra y de vitamina B1, una de las más importantes y de las que más carecemos en nuestra dieta habitual. La avena cuenta con abundantes proteínas, hidratos de carbono, grasas saludables, vitaminas, minerales y oligoelementos.
208			De hecho, es el cereal que cuenta con mayor concentración de vitaminas y minerales, por lo que es un alimento completo y saludable. Otro aspecto positivo del consumo de avena es que frena el colesterol, gracias al ácido linoleico y fibra que posee, haciendo que el colesterol no pase al intestino, y protegiéndonos así de la hipertensión y el infarto. También tiene efectos reductores del azúcar en sangre, por lo que es bueno para las personas diabéticas.
209			
210		media/image15.png	QUINUA ROJA
211			La quinoa roja tiene propiedades similares a la quinoa blanca: es baja en calorías, rica en proteínas y altamente nutritiva. Es la variedad que contiene menos grasas y la más alta en carbohidratos, lo que la convierte en un excelente alimento para deportistas, ya que aporta energía, fuerza y resistencia.
212			En comparación con la blanca, la quinoa roja proporciona un poquito más de proteínas y también es más rica en riboflavina. Cocinada, esta variedad tiene un color amarronado y un sabor comparativamente más intenso que la blanca, con un toque más fuerte a nueces.
213			SEMILLAS
214		media/image108.jpg	GIRASOL
215			Las semillas de girasol aportan diversos beneficios para la salud, ayudando a proteger la salud del corazón, combaten el estreñimiento, favorecen el aumento de la masa muscular y cuidan la salud del cerebro.
216			Estas semillas, conocidas también como pipas o maravillas, aportan todos estos beneficios debido a que contienen grasas saludables, proteínas, fibras, vitamina E, selenio, cobre, zinc, ácido fólico, hierro y fitoquímicos.
217			Estas semillas pueden ser agregadas a las ensaladas, yogures y batidos, por ejemplo. Además, pueden ser compradas con cáscara o sin cáscara, crudas o asadas, con o sin sal, y pueden comprarse en supermercados o tiendas de productos naturales. Asimismo, a partir de estas semillas también es producido el aceite de girasol.
218			Cómo consumirlas:
219			Las semillas de girasol pueden ser consumidas al natural, como un snack, o en las ensaladas, pasteles, batidos, jugos, en una ensalada de frutas, en los cereales, granolas y yogures, por ejemplo.
220			La porción recomendada por día es de 1/4 de taza que equivale a 30 gramos y lo ideal es consumir la versión que no tiene sal.
221			MORINGA EN SEMILLAS
222		media/image39.jpg	"La moringa (Moringa oleifera), conocida como el ""árbol de la vida"", es una planta originaria de la India que se ha extendido a diversas regiones del mundo debido a sus múltiples beneficios para la salud y su versatilidad."
223			Las semillas de moringa contienen aceites esenciales, proteínas y compuestos bioactivos como taninos y alcaloides. También tienen propiedades antimicrobianas y coagulantes.
224			Las semillas de moringa son utilizadas para:
225			Purificar agua debido a sus propiedades coagulantes.
226			Su aceite es beneficioso para la piel y el cabello, gracias a su capacidad hidratante y antioxidante
227			Reducir el colesterol y la presión arterial.
228			Prevenir la inflamación, ayudando al cuerpo a convertir las grasas en energía.
229			Reducir la fatiga y mejorar los niveles de energía.
230			Preparación:
231			Crudas o tostadas: Se pueden comer directamente como un snack.
232			Aceite: Se extrae para uso culinario o cosmético
233		media/image72.jpg	LINAZA
234			La linaza es un alimento rico en fibras y antioxidantes que, a su vez, cuenta con aceites Omega 3, 6 y 9, así como con vitaminas del grupo B y vitamina C. Además, tiene un alto contenido en potasio, hierro, magnesio y ácido fólico.
235			La linaza es uno de esos alimentos que suele aparecer en muchos regímenes de alimentación saludable, ¿pero qué la hace tan beneficiosa?
236			
237			La clave de las propiedades de la linaza radica en su contenido en Omega 3, también llamado ácido alfa linolénico, así como en su contenido en fibra. Se cree que, además de ayudar con la digestión, la linaza también puede ayudar a prevenir enfermedades cardiovasculares, pues contribuye a equilibrar el colesterol en sangre. Otras de las propiedades más importantes de la linaza son:
238			
239			Es antiinflamatoria: gracias al ácido linolénico, la linaza ayuda a aliviar inflamaciones.
240			Cuida la piel: el consumo regular de linaza molida puede aportar brillo y lozanía a la piel. De esta forma, contribuye a contrarrestar el envejecimiento prematuro y resulta un excelente aliado contra enfermedades como la psoriasis y el eccema.
241			Combate el estreñimiento: como cualquier alimento rico en fibras, la linaza es buena para mejorar la digestión y eliminar los desechos del cuerpo más fácilmente.
242			Ayuda al organismo a lidiar con el asma o la artritis.
243			
244			La ingesta de linaza molida puede aportar una cantidad importante de ventajas al organismo. Entre los beneficios más importantes de la linaza, podemos mencionar:
245			Actúa como antioxidante: El consumo de linaza molida te ayudará a aumentar las defensas de tu organismo, evitando que te enfermes de manera recurrente. También favorece la memoria y el estado anímico.
246			Previene el cáncer: estas semillas cuentan con más de 20 compuestos que ayudarán a prevenir el cáncer y mantener la salud celular.
247			Evita la formación de coágulos sanguíneos. De esta manera, disminuye el riesgo de sufrir ataques cardíacos o accidentes cardiovasculares.
248			Funciona como energizante: con la ingesta recurrente de las semillas de linaza, tendrás más energía durante el día, ya que ayudará a todos los músculos del cuerpo a recuperarse rápidamente.
249			Linaza para el cabello: la linaza contiene una gran cantidad de vitaminas B y E, ideales para evitar la caída del cabello y dotarlo de brillo. Para ello, solo deberás colocarte esta agua luego de haber sacado el respectivo champú y acondicionador del cabello.
250			
251	Heading2		Cómo tomar linaza molida: debe tomarse con grandes cantidades de agua o cualquier otro líquido, debido a su alto contenido en fibra. Una de las bebidas más fáciles de preparar es el agua de linaza, la cual es fácil de digerir y brinda al cuerpo todos los beneficios ya conocidos de la linaza.
252			En caso de que desees prepararla, debes seguir los siguientes pasos: 1) hierve una cucharada de linaza molida en una taza de agua, 2) espera a que forme una consistencia gelatinosa para que el agua se solidifique, 3) luego de que hierva, retirarla de la estufa y déjala reposar.
253			
254		media/image14.jpg	HINOJO
255			El hinojo (Foeniculum vulgare) es una planta aromática originaria de la región mediterránea, utilizada desde la antigüedad tanto por sus propiedades medicinales como culinarias. Culturas como la egipcia, griega y romana lo valoraron por sus beneficios para la salud y su versatilidad en la cocina.
256	Heading3		Propiedades medicinales
257			El hinojo es conocido por sus múltiples beneficios terapéuticos:
258			Digestión: Es carminativo, lo que significa que ayuda a reducir los gases y mejora la digestión.
259			Propiedades antiinflamatorias y antioxidantes: Contiene compuestos como el anetol, que protege contra el estrés oxidativo.
260			Regulación hormonal: Útil para aliviar síntomas menstruales y de la menopausia.
261			Sistema respiratorio: Actúa como expectorante, ayudando a aliviar la tos y el asma.
262			Producción de leche materna: Tiene propiedades galactógenas, promoviendo la lactancia.
263	Heading3		Usos culinarios
264			El hinojo es muy versátil en la cocina y se utiliza en diversas preparaciones:
265			Semillas: Se usan como especias en panes, pasteles y platos de carne, aportando un sabor anisado.
266			Infusiones: Las semillas también se emplean para preparar tés que favorecen la digestión.
267			www.hablemosdeflores.com
268			www.botanical-online.com
269			ENELDO
270		media/image90.jpg	El eneldo (Anethum graveolens) es una planta aromática originaria de la región mediterránea y Asia Occidental, aunque actualmente se cultiva en diversas partes del mundo. Desde la antigüedad, ha sido valorado por sus propiedades medicinales y culinarias, siendo utilizado por culturas como la egipcia, griega y romana.
271	Heading3		Propiedades medicinales
272			Las semillas de eneldo contienen aceites esenciales como carvona, limoneno y anetol, que les otorgan propiedades terapéuticas:
273			Digestión: Ayudan a aliviar problemas digestivos como flatulencias, indigestión y cólicos.
274			Relajación: Tienen un efecto calmante sobre el sistema nervioso, útil para combatir el insomnio y la ansiedad.
275			Propiedades antimicrobianas: Los aceites esenciales presentes en las semillas tienen efectos antibacterianos y antifúngicos.
276			Lactancia: Favorecen la producción de leche materna en mujeres lactantes.
277			Salud bucal: Masticar semillas de eneldo puede combatir el mal aliento.
278	Heading3		Usos culinarios
279			Las semillas de eneldo son un ingrediente versátil en la cocina, especialmente en la gastronomía europea y asiático:
280			Encurtidos: Son esenciales para preparar pepinillos y otros vegetales encurtidos.
281			Sopas y guisos: Aportan un sabor anisado y fresco a caldos y platos de pescado.
282			Panadería: Se utilizan en panes, especialmente en panes de centeno.
283			Infusiones: Preparar té con semillas de eneldo es una forma popular de aprovechar sus beneficios digestivos.
284			Marinados: Se emplean para marinar pescados como el salmón.
285	Heading3		Preparaciones
286			Infusión digestiva: Hierve una cucharadita de semillas de eneldo en una taza de agua durante 5-10 minutos. Cuela y bebe para aliviar molestias digestivas.
287			Marinado de pescado: Mezcla semillas de eneldo con limón, ajo y aceite de oliva para marinar pescados.
288			Encurtidos caseros: Añade semillas de eneldo a vinagre, agua y especias para encurtir vegetales.
289			
290			Entre sus propiedades se pueden mencionar:
291			
292			Facilita la digestión
293			
294			
295			Diurético
296			Es un excelente diurético natural que ayuda a eliminar toxinas de nuestro cuerpo y tomarlo.
297			
298			Refuerza el sistema inmunológico
299			El eneldo fresco es rico en vitamina C, por lo que nos ayuda a reforzar el sistema inmunológico y prevenir resfriados.
300			
301			Alivia los dolores menstruales
302			Atenúa espasmos uterinos y dolores de la menstruación (cólico).
303			
304			
305			Calma las hemorroides
306			Las infusiones de eneldo ayudan a calmar el dolor que producen las hemorroides.
307			
308			FENOGRECO
309		media/image20.jpg	Las semillas molidas se emplean en infusión como reconstituyente durante la convalecencia, calmante de la tos y estimulante de la producción de leche materna. La infusión se prepara en la proporción de 0.5-5 gramos de polvo por ¼ litro de agua, para tomar dos o tres veces al día.
310			Su desagradable olor y sabor, algo amargo, puede ser enmascarado si se añaden algunas hojitas de menta o de naranjo.
311			En aplicaciones externas las semillas molidas sirven para la preparación de cataplasmas calientes que se aplican sobre hinchazones, úlceras, moretones, dolores lumbares, etc.
312			
313			CORIANDRO
314		media/image68.jpg	La planta y las semillas del cilantro, posee propiedades medicinales antiespasmódicas y digestivas.
315			Además, resulta ser un excelente estimulante del sistema nervioso y presenta propiedades carminativas y aperitivas.
316			Las semillas, enteras o molidas, pueden perfumar sopas, salsas, adobos y platos de carne, cerdo y cordero en particular. Las semillas se usan enteras como condimento para encurtidos, particularmente pepinillos, y conservas, como el arenque.
317			
318			CHÍA
319		media/image40.jpg	Las semillas de Chía son muy ricas en ácidos grasos esenciales (omega3 y omega 6).
320			También contienen unas sustancias llamadas antioxidantes. La función principal de estas últimas es eliminar compuestos tóxicos para el organismo (radicales libres) a los que se les asocian enfermedades degenerativas, cáncer, enfermedades cardíacas, el envejecimiento...
321			Son una fuente excelente de fibra soluble. Es un tipo de fibra que tiene la capacidad de retener agua y formar una masa viscosa que aumenta su volumen. Esta propiedad hace que las semillas de Chía retrasen el vaciado gástrico. Esta masa viscosa aparte, retiene algunos nutrientes impidiendo su absorción a nivel intestinal, como sería el caso del colesterol; y, además, regula el tránsito intestinal.
322			Por todos estos componentes y por su contenido en vitaminas y minerales consideramos la chía como un alimento nutritivo.
323		media/image99.jpg	CARDAMOMO
324			Emparentado con el jengibre, el cardamomo destaca como estimulante de la digestión, como carminativo y tónico.
325			El cardamomo es un expectorante natural que nos permite aliviar la tos y luchar contra la bronquitis, el asma y la amigdalitis. Otra propiedad del cardamomo destacable es su poder analgésico, en particular a nivel bucodental.
326			Resulta ideal para ganar apetito, sobre todo tras un periodo de malestar o inapetencia.
327			Evita la pesadez de estómago, la hinchazón abdominal, los gases, flatulencias y meteorismos.
328			Como especia, el cardamomo se usa en polvo para condimentar arroces, guisos, sopas y postres, y combina bien con el orégano.
329			CAFÉ GOURMET
330			Un café gourmet, de especialidad o premium debe haber sido cultivado a la sombra y por encima de los 900 metros sobre el nivel del mar, a una temperatura de unos 20º, con vientos moderados y una humedad adecuada. La variedad que más se adapta a estas características es la arábica.
331			El café, junto con el agua, es una de las bebidas más consumidas en el mundo. Muchos de los beneficios del café se deben a uno de sus componentes principales, la cafeína, pero el café además es fuente de nutrientes y otros componentes
332			Beneficios:
333			Sobre el rendimiento físico: tomar una taza de café antes de hacer ejercicio puede mejorar el rendimiento físico. La cafeína aumenta los niveles de adrenalina en sangre por lo que el café tiene beneficios sobre la preparación del cuerpo ante un esfuerzo importante. La cafeína actúa sobre el sistema nervioso, lo que provoca que el organismo perciba el cansancio más tarde y, por lo tanto, aumente el rendimiento.
334			EL CAFÉ AYUDA A MANTENERTE ALERTA: La sensación de energía que notamos cuando nos tomamos una taza de café por la mañana se debe a que el café estimula el aumento de sustancias como la dopamina, que aceleran nuestra actividad cerebral. Esta aceleración hace que nos mantengamos alerta y despiertos durante más tiempo.
335			ANTIOXIDANTES: OTRO DE LOS BENEFICIOS DE TOMAR CAFÉ
336			El café es un producto rico en compuestos antioxidantes, especialmente en polifenoles que actúan contra los radicales libres y algunos metales pesados que provocan el envejecimiento de los tejidos y ayudan a prevenir enfermedades, siendo éste uno de los principales beneficios de tomar café.
337			ALPISTE
338		media/image105.jpg	El alpiste es un cereal que siempre se ha utilizado como alimento para los animales, especialmente para las aves. Sin embargo, ¿sabías que actualmente también lo están consumiendo las personas?, en virtud de que posee numerosos beneficios para la salud, en el campo del bienestar óseo, muscular y gastrointestinal, además de la salud cardiovascular.
339			¿Cómo se debe tomar el alpiste para consumo humano?
340			Vierte las semillas de alpiste en una taza con agua y ponlas a remojar toda la noche. Al día siguiente, retira el agua sobrante e incorpora las semillas remojadas en la licuadora con el resto de agua. Bate por unos instantes hasta obtener una leche vegetal homogénea
341			
342			AJONJOLÍ
343		media/image82.jpg	El ajonjolí es una semilla muy rica en antioxidantes, aportando grandes beneficios para la salud, como ayudar a controlar la diabetes, disminuir el peso y prevenir algunas enfermedades, como la aterosclerosis, la hipertensión arterial y el Parkinson.
344			Conocido también como semilla de sésamo y se caracteriza por su gran valor nutricional, siendo rico en proteínas, ácidos grasos insaturados, calcio, magnesio, vitamina E y fibras.
345			
346			Existen diversas variedades de estas semillas, pudiéndose encontrar blancas, negras, amarillas, grises, marrones y rojas, dependiendo de la región donde sean cultivadas, las cuales se pueden consumir al natural, tostadas, en ensaladas o en preparaciones, como pan, galletas y salsas.
347			Los beneficios del ajonjolí para la salud son:
348			
349			Reducir el colesterol
350			Las semillas de ajonjolí contienen fibras solubles y compuestos como la sesamina y los fitoestrógenos que ayudan a reducir el colesterol LDL, llamado “malo“y triglicéridos en la sangre, a la vez aumentan los niveles de colesterol HDL, llamado “bueno“, de esta manera mantienen el organismo saludable y previenen enfermedades cardiovasculares como aterosclerosis, accidente cerebrovascular e infarto de miocardio.
351			
352			Controlar la presión arterial
353			El ajonjolí es rico en ácidos grasos poliinsaturados, sesamina y vitamina E, los cuales aportan propiedades antiinflamatorias y antioxidantes, que actúan aumentando la relajación de los vasos sanguíneos, ayudando a reducir la presión arterial, pudiendo ser un alimento recomendado para ayudar en el tratamiento de la hipertensión arterial.
354			
355			Reducir la el estreñimiento
356			Esta semilla contiene lignanos, un tipo de fibra soluble que ayuda a aumentar el volumen de las heces, facilitando el tránsito intestinal, mejorando así la salud del intestino y ayudando en los problemas de estreñimiento.
357			
358			Favorecer la pérdida de peso
359			Las semillas de ajonjolí son ricas en proteínas, grasas y fibras, las cuales aumentan la saciedad entre comidas, disminuyendo así la ingesta de calorías, ayudando a controlar y disminuir el peso, siendo un buen alimento para incorporar en dietas para adelgazar.
360			
361			Ayuda a aliviar la artritis
362			La sesamina que contiene la semilla de ajonjolí, tiene efectos antioxidantes y antiinflamatorios que pueden reducir el dolor y mejorar la movilidad de las articulaciones en personas que sufren artritis, siendo una muy buena opción para ayudar en el tratamiento de esta enfermedad.
363			
364			Promover la cicatrización de heridas
365			El ajonjolí posee propiedades antioxidantes, que protegen a los tejidos del daño oxidativo cuando ocurre una lesión. Es por eso, que el consumo de semillas de ajonjolí o la aplicación del aceite en la zona afectada de la piel, ayuda a la curación y cicatrización de las heridas.
366			
367			Actuar como anticancerígeno
368			La sesamina es el principal ingrediente activo de las semillas de sésamo y tiene excelentes propiedades antioxidantes y antiinflamatorias, controlando el estrés oxidativo del organismo y por lo tanto ayudando a prevenir el desarrollo de cáncer.
369			
370			Mejorar los síntomas de la menopausia
371			Algunos estudios demuestran que el consumo diario de semillas de ajonjolí mejora el estado de salud de las mujeres menopáusicas, ya que ayuda a reducir los niveles de colesterol, previene el desarrollo de la osteoporosis y promueve el aumento de  la producción de estrógenos, disminuyendo síntomas, como los sofocos de calor y dolores de cabeza.
372			
373			www.scielo.cl       www.scielo
374		media/image66.png	AJONJOLÍ NEGRO
375			El ajonjolí negro, también llamado sésamo negro, es una semilla producida por la planta sésamo cuyo origen es la India y África. Es una semilla de alto contenido proteico, de color negro, con muy buenas cualidades nutricionales.
376			
377			El ajonjolí negro tiene un sabor más pronunciado y bastante más crujiente. Este tipo de sésamo es elegido porque tiene más antioxidantes y nutrientes como calcio, hierro y fibra. Las semillas de sésamo negro son más ricos en proteínas y metionina.
378			
379			En relación al valor nutricional, generalmente, el ajonjolí negro suele superar al blanco. Una cucharada de semillas de ajonjolí negras contienen más calcio, potasio, cobre, hierro y manganeso que la misma cantidad de ajonjolí blanco,
380			
381			Esta semilla se puede usar cruda o tostada en ensaladas, aderezos, salsas, batidos y muchos otros platos. Es normal encontrarla presente en el pan de hamburguesa y el sushi.
382		media/image27.png	
383			SEMILLA DE SAMBO
384			Al igual que el chocolate, las semillas de Sambo son ricas en triptófano, un aminoácido que estimula la producción de serotonina.
385			
386			También son ricas en ácidos grasos y antioxidantes que ayudan a prevenir el riesgo de enfermedades cardiovasculares.
387			
388			Por su alto contenido en fibra, consumir regularmente pipas de calabaza evita la sensación de hinchazón producida por los gases y favorecen el buen funcionamiento del tránsito intestinal.
389			
390			Las pipas tienen un sabor suave, ligeramente dulzón. Podemos comerlas crudas, las podemos añadir a las ensaladas, a las hamburguesas caseras, mezclarlas con el yogur o utilizarlas como aderezo para muchas de nuestras recetas.
391			
392			Es un fruto seco cuyo consumo regular se aconseja en personas con diabetes, gracias a que es un buen estimulante del páncreas, ayudando por tanto a regular los niveles de azúcar en sangre.
393			
394			
395			
396			CONDIMENTOS Y ESPECIAS
397		media/image107.png	PIMIENTA NEGRA
398			La pimienta negra es una especie de la familia de las piperáceas, cultivada por su fruto, que se emplea seco como especia. La pimienta negra es la variedad más consumida y quizás la más popular.
399			La pimienta negra mejora la sensibilidad a la insulina, la hormona que regula los niveles de azúcar en sangre, a la vez que reduce los niveles de colesterol y activa el metabolismo. Por eso, esta especia se recomienda para personas con problemas cardiovasculares o para aquellas que quieran perder peso.
400			La pimienta negra se cita a menudo como ingrediente sano, pero como acompañante que potencia la asimilación de la cúrcuma. Sin embargo, la pimienta negra posee propiedades que la hacen valiosa por sí misma.
401			Los granos de pimienta negra, verde y blanca provienen de la misma planta (Piper nigrum), originaria de Asia. La pimienta negra es la fruta entera y parcialmente madura; la verde es la fruta inmadura; y la blanca es la semilla pelada.
402			La pimienta negra es un agente antibacteriano comprobado, y los compuestos de esta especia también ayudan a proteger la integridad del material genético, lo que la convierte en una posible arma contra el cáncer.
403			El aroma y las propiedades son mayores en la pimienta recién molida, por lo que vale la pena adquirirla entera y molerla al momento.
404	Heading2		PROPIEDADES DE LA PIMIENTA NEGRA
405	Heading2		1. ES MUY ANTIOXIDANTE
406			Los radicales libres son moléculas inestables que pueden dañar las células y tejidos de nuestro cuerpo. Algunos son producidos por el propio metabolismo cuando se hace ejercicio o al digerir los alimentos. En dosis moderadas sos utilizados por el sistema inmunitario para atacar a agentes bacterias y virus patógenos, pero cuando se producen en exceso se convierten en un problema: están relacionados con la inflamación, el envejecimiento prematuro, las enfermedades cardíacas y algunos tipos de cánc
407	Heading2		2. ES ANTIINFLAMATORIA
408			La inflamación crónica puede es un factor subyacente a muchas enfermedades como artritis, enfermedades cardíacas, diabetes y cáncer.
409			La piperina, principal principio activo de la pimienta, combate eficazmente la inflamación, según se ha podido comprobar en estudios con animales que sufrían artritis. El tratamiento con viperina redujo la hinchazón de las articulaciones y los marcadores sanguíneos de inflamación, según un artículo publicado en Arthritis Research and Therapy.
410	Heading2		3. ES BENEFICIOSA PARA EL CEREBRO
411			Se ha demostrado que la piperina mejora la función cerebral en estudios con animales. En particular, ha demostrado posibles beneficios para los síntomas relacionados con enfermedades degenerativas del cerebro como el alzhéimer y la enfermedad de Parkinson.
412			Un estudio en ratas con enfermedad de Alzheimer halló que la piperina mejoraba la memoria, y en otro estudio disminuyó la formación de las placas amiloides que se relacionan con el avance de la enfermedad. No obstante, se necesitan estudios en humanos para confirmar estos efectos.
413	Heading2		4. MEJORA EL CONTROL DEL AZÚCAR EN SANGRE
414			Los estudios indican que la viperina puede mejorar el metabolismo del azúcar en sangre, favoreciendo picos más bajos. En un estudio, 86 personas con sobrepeso que tomaron un suplemento que contenía piperina y otros compuestos durante 8 semanas experimentaron mejoras significativas en la sensibilidad a la insulina, la hormona que controla los niveles de azúcar en sangre.
415	Heading2		5. REDUCE LOS NIVELES DE COLESTEROL
416			El extracto de pimienta negra se ha estudiado en animales por su potencial para reducir los niveles de colesterol. En un estudio de 42 días con ratones alimentados con una dieta alta en grasas y un extracto de pimienta negra mostraron niveles reducidos de colesterol en sangre, incluido el colesterol LDL (malo) en comparación con el grupo de control.
417	Heading2		6. AUMENTA LA ABSORCIÓN DE NUTRIENTES
418			Además de multiplicar hasta 20 veces la absorción de la curcumina, la pimienta negra puede aumentar la asimilación de nutrientes esenciales como el calcio y el selenio.
419			
420		media/image59.png	PIMIENTA VERDE
421			Los granos de pimienta verde son las bayas del arbusto tropical Piper nigrum que se recolectan antes de su madurez, cuando todavía están verdes. Son muy aromáticas y con un sabor fresco, pero no son realmente picantes. Las bayas de pimienta verde se pueden encontrar deshidratadas, o bien conservadas en salmuera, en pequeños tarros de cristal; cuando están secas se suelen usar molidas o machacadas y si están en salmuera se pueden comer enteras ya que no son excesivamente picantes.
422			La pimienta verde se caracteriza por aroma suave, dulzón y frutal parecido al del clavo de olor aunque más picante. Su sabor es menos fuerte que el de la pimienta negra y va muy bien con algunos pescados y carnes.
423			
424		media/image109.png	PIMIENTA ROJA
425			La pimienta roja es el grano verde que ha madurado en la planta, volviéndose roja la baya. La roja es más picante que la verde y sus aromas también son más intensos.
426			En inglés pink peppercorn, la pimienta roja o rosa proviene de la baya seca del Schinus molle, un arbusto originario de Perú, aunque es en Brasil donde actualmente se concentra casi toda la producción. Quizás ésta sea la versión más original de las pimientas. Las bayas se recogen muy maduras, es bastante más suave que la negra y con un sabor que recuerda al del pimiento con algunos toques cítricos; se consigue en diferentes tonalidades pero la más llamativa es la de color rojo.
427			Su sabor picante se acerca más al de los chiles y guindillas que las pimientas negra o blanca, por ser su sabor mucho más fresco, afrutado y ligeramente picante. Es habitual mezclarla con las anteriores en los molinillos y preparaciones por su atractivo color, y para aportar matices y aromas.
428			Por la sutileza de su perfume y picor, se las usa en ensaladas y platos suaves como pescados al grill o cócteles de mariscos. Su precio, en ocasiones, puede llegar a triplicar el de la pimienta negra.
429		media/image32.png	PIMIENTA BLANCA
430			La pimienta blanca es un poco menos picante y aromática que la negra, y el motivo por el que es elegida en gastronomía es porque realza el sabor de la comida sin cambiar su color, como sí lo hace la pimienta negra.
431			La pimienta blanca es un grano totalmente maduro sin cáscara; es un poco más suave que la pimienta negra.
432			
433			A diferencia de la pimienta negra, las bayas se recogen maduras, se secan y se pelan. Se la somete a un proceso de maceración con agua, a partir del cual pierde la piel y queda el grano blanco que conocemos. El resultado es una pimienta más picante que la negra pero con aromas menos intensos.
434			Al igual que la pimienta negra y la verde procede del Piper nigrum, pero en este caso el fruto se ha dejado madurar hasta que adquiere un color rojizo. Es justo en ese momento cuando se cosecha y se les retira la cutícula exterior. Se utilizan diferentes técnicas para ello: en ocasiones se remojan las bayas en agua  durante un tiempo determinado, aunque también se utilizan procedimientos mecánicos.
435			Se la utiliza en la bechamely en las masas de pasta para que no queden rastros de color. Esta pimienta es bastante más picante que las anteriores.
436		media/image58.png	PIMIENTA DULCE
437			La pimienta dulce, también conocida como pimienta de Jamaica, es una especia única con un registro de sabor único descrito como una mezcla de cuatro especias diferentes.
438			Debido a ser una especia, generalmente se consume en pequeñas cantidades. Sin embargo, la pimienta dulce también se ha utilizado en la medicina tradicional debido a sus posibles beneficios para la salud.
439			La pimienta dulce son las bayas secas de la planta Pimenta dioica. Aunque es un solo tipo de especia, sabe a clavo, pimienta, canela y nuez moscada combinados. Se utiliza principalmente como especia, pero tiene muchos usos en la medicina tradicional.
440			Debido a sus muchos usos en la medicina tradicional, los compuestos de los pimientos dulces se han estudiado ampliamente. Es rico en compuestos vegetales que pueden tener propiedades anticancerígenas, antivirales, antiinflamatorias y antioxidantes. Algunos de los compuestos más importantes incluyen eugenol, quercetina, ácido gálico y ericifolina.
441			
442			BENEFICIOS DE SALUD DE LA PIMIENTA DULCE
443			La pimienta dulce es conocida por sus muchos beneficios potenciales para la salud, incluido un tratamiento complementario para la menopausia, anti cancerígeno, antifúngico, antibacteriano, antiinflamatorio, así como para el control del azúcar en la sangre y el peso.
444			ALIVIA SÍNTOMAS DE LA MENOPAUSIA
445			Los estudios muestran que el extracto de pimienta dulce se une a los receptores de estrógeno, engañando a su cuerpo para que piense que sus niveles de estrógeno son altos, lo que ayuda a controlar los síntomas.
446			AYUDA A COMBATIR EL CÁNCER
447			Los estudios muestran que el eugenol, la quercetina, el ácido gálico y la ericifolina pueden detener la propagación de tumores, retrasar el crecimiento de tumores y promover la apoptosis (muerte programada de las células cancerosas). Los efectos anticancerígenos de la pimienta dulce se ha estudiado contra el cáncer de mama, próstata, estómago, duodeno y colon, y curiosamente, sus efectos varían según el tipo de cáncer.
448			EFECTOS ANTIBACTERIANOS Y ANTIFÚNGICOS
449			El eugenol y la ericifolina de la pimienta dulce también pueden tener efectos antibacterianos y antifúngicos. La investigación sobre el aceite esencial extraído de la pimienta dulce muestra propiedades antifúngicas contra Candida albicans, una levadura que es resistente a algunos medicamentos antifúngicos.
450			Además, el aceite esencial exhibe propiedades antibacterianas contra E. coli y Listeria monocytogenes y S. aureus y Salmonella. Sus efectos se atribuyen principalmente a su contenido en eugenol, que puede dañar las membranas bacterianas.
451			ACHAQUES, DOLORES E INFLAMACIONES.
452			Ayuda con dolores de cabeza, espasmos musculares y dolor de muelas. La investigación sugiere que esto puede deberse a su contenido de eugenol, un analgésico de uso común o analgésico dental que también puede aliviar el dolor y la tensión muscular al promover la circulación sanguínea.
453			CONTROL DE PESO.
454			El extracto de pimienta dulce puede activar el receptor de la proteína 5 de Takeda G. Proteína responsable de la secreción de hormonas del hambre como el glucagón péptido-1 y el péptido YY. Estas hormonas ayudan a reducir los antojos de alimentos al aumentar la sensación de saciedad.
455			
456			GASES E HINCHAZÓN.
457			El eugenol en la pimienta dulce puede ayudar a tratar la indigestión al estimular las enzimas digestivas e inhibir la H. pylori, la bacteria que causa la indigestión. También se ha relacionado con las úlceras estomacales.
458			
459			REGULAR EL AZÚCAR EN LA SANGRE.
460			El eugenol de la pimienta dulce puede proteger los islotes del páncreas, las células responsables de la producción de insulina y mejorar su función, lo que ayuda a controlar el azúcar en la sangre y las primeras etapas de la diabetes tipo 2.
461			
462			USOS TRADICIONALES DE LA PIMIENTA DULCE
463			El sabor único de la especia la convierte en un ingrediente muy versátil que aporta un sabor cálido y picante a una variedad de platos.
464			Las bayas enteras se pueden usar para cocinar de la misma manera que los clavos de olor enteros, y la pimienta molida se usa principalmente para hornear o como condimento para carnes, aves, verduras y guisos.
465			Una forma de agregar pimienta dulce a tus comidas diarias es combinándolos con mariscos o pescado. Como en la preparación de camarones con pimenta dulce. O, si quieres probar la pimenta dulce en postres, el pastel de pimienta dulce es un postre muy reconfortante.
466			Como puede ver, la pimienta dulce se puede usar en casi cualquier plato, lo que lo convierte en una gran adición a su despensa.
467		media/image6.png	PAPRIKA
468			El pimentón o paprika es un condimento muy versátil que no puede faltar en ningún armario de especias. Se elabora secando pimientos de la familia Capsicum annum y moliéndolos hasta obtener un polvo fino de color rojo carmesí.
469			El pimentón se utiliza en una amplia variedad de platos, incluyendo condimentos de carne. Lleno de vitaminas, minerales, carotenoides y antioxidantes esenciales. Añade color rojo y naranja vibrante a los platos.
470			La páprika purifica y baja los niveles de colesterol en la sangre. Al tener hierro fomenta la producción de glóbulos rojos y a la correcta oxigenación y alimentación de las células, los tejidos y los órganos.
471			
472			
473		media/image65.png	PAPRIKA AHUMADA
474			La paprika ahumada o pimentón ahumado, es una especia de color rojo-anaranjado bastante popular, para su obtención se desecan y muelen varios pimientos rojos especialmente la paprika. Se considera esencial en diversidad de platos de la gastronomía.
475			Se la utiliza generalmente en recetas de carnes, pescados, quesos, sopas, salsas, etc.
476			La paprika gracias a su componentes contribuye a la producción de melatonina, que ayuda a dormir bien, con sus antioxidantes combate el envejecimiento prematuro.
477			
478		media/image115.png	NUEZ MOSCADA EN PEPA / NUEZ MOSCADA EN POLVO
479			La nuez moscada es el fruto del árbol moscadero y tiene muchos beneficios para la salud, como ayudar a controlar la presión arterial alta, aliviar los cólicos menstruales, combatir el exceso de gases y reducir el mal aliento.
480			Estos beneficios se deben al hecho de que esta especia es rica en miristicina, eugenol, pineno y sabineno, que son compuestos fenólicos y aceites esenciales con propiedades bactericidas, analgésicas, carminativas y antiespasmódicas.
481			La nuez moscada se encuentra en los supermercados en forma de semillas o en polvo, y se puede utilizar para aromatizar recetas como pasteles, panes, carnes, sopas, yogur y tartas, por ejemplo. Además, la nuez moscada también se puede utilizar en forma de infusiones o aceite esencial.
482		media/image75.png	CANELA EN RAMA / CANELA EN POLVO
483			Se utiliza como un condimento versátil que infunde un cálido toque dulce a alimentos horneados, estofados, postres, bebidas, batidos y cereales.
484			La canela tiene efectos antiinflamatorios, antimicrobianos, antioxidantes, reductores del colesterol e inmunomoduladores.
485			La mejor forma de aprovechar las propiedades de la canela es consumirla en forma de té. Esto se debe a que a través del proceso de ebullición del agua, la canela libera mejor sus componentes saludables.
486			La canela sirve para facilitar las digestiones y evitar la pesadez de estómago. Además, reduce los problemas de acidez, náuseas, vómitos y gases. También se usa como antiséptico, para los dolores de los cólicos y la candidiasis intestinal.
487		media/image74.png	JENGIBRE
488			El jengibre en polvo, es el producto que se obtiene del tallo subterráneo del jengibre, una especia muy cotizada y ampliamente estudiada. Es un alimento de sabor picante y ligeramente dulce.
489			Entre los beneficios del jengibre tenemos:
490			Puede ayudar a combatir infecciones
491			Contiene propiedades antiinflamatorias
492			Puede ayudar a mejorar las náuseas
493			Mejora los dolores menstruales
494			Puede ayudar a la pérdida de peso
495			Mejora la indigestión crónica
496			Es eficaz para combatir los síntomas de la osteoartritis
497			Puede bajar los niveles de colesterol
498			Mejora la salud cardiovascular
499			Contiene una sustancia que puede ayudar a prevenir el cáncer
500			Puede mejorar la función cerebral
501			
502		media/image48.png	ISHPINGO
503			El Ishpingo o llamado también canela amazónica, es una planta de la que se utiliza principalmente la copa del fruto, llamada sombrero por su forma característica, para hacer infusiones, condimentar alimentos y para la colada morada, una bebida consumida para el día de los muertos.
504			También se ha informado que el Ishpingo canela exhibe propiedades medicinales, por ejemplo, se puede usar para tratar resfriados, gripe, vómitos, malestar gastrointestinal, diarrea y como fármaco anestésico local. Esta especia tiene propiedades similares a la canela y se deriva de una planta de la misma familia.
505			El ishpingo se le puede dar el mismo uso que a la canela, el clavo de olor o el anís estrellado en infusiones y tés. Para ello se recomienda agregarlo al agua caliente por 10 a 15 minutos antes de finalizar el hervor.
506		media/image113.png	CURRY
507			El curry es una mezcla de varias especias, está compuesto por ingredientes fijos como chile/ajíes, jengibre, comino, cebolla, cilantro, cúrcuma, clavo de olor…
508			Este alimento milenario se beneficia de las propiedades de todas las especias que lo componen.
509	Heading3		Dentro de las propiedades para la salud, encontramos:
510			Antiinflamatorio: La cúrcuma, un ingrediente común en muchas mezclas de curry, contiene curcumina, que tiene propiedades antiinflamatorias.
511			Antioxidantes: Muchas especias usadas en el curry tienen propiedades antioxidantes.
512			Digestión: Especias como el comino y el jengibre pueden ayudar a la digestión.
513			Mejora del Metabolismo: Algunos ingredientes, como los chiles, pueden ayudar a aumentar el metabolismo.
514	Heading3		Usos del Curry
515			Gastronomía: Usado en una variedad de platillos como guisos, sopas, y salsas. También es un excelente aderezo para carnes, pescados, vegetales y legumbres.
516			Marinadas: El polvo de curry o las pastas de curry se pueden usar para marinar carnes, aportando un sabor profundo y complejo.
517			Condimento: Se puede usar en adobos, sazonadores y mezclas para añadir sabor a una amplia gama de alimentos.
518			
519			
520		media/image88.png	CÚRCUMA
521			La cúrcuma es una planta de la familia del jengibre que tiene distintos usos como especia en la cocina al darle sabor a los alimentos, pero también se han estudiado sus beneficios para la salud, porque tiene propiedades antiinflamatorias, anticancerígenas y antioxidantes.
522			De acuerdo con Heathline una de sus principales características es que ayuda a combatir inflamaciones crónicas, como en enfermedades como la artritis, aunque el sitio especializado aclara que se necesitan dosis altas para obtener resultados.
523			También podrían actuar contra el daño oxidativo que genera el envejecimiento, ya que protege al cuerpo de los radicales libres, según estudios hechos en animales.
524			Es aliada en la salud del cerebro y sus procesos degenerativos, puesto que su factor neurotrófico favorece la producción de una proteína auxiliar para que las neuronas formen conexiones y se multipliquen, lo que se relaciona con el aumento de la memoria y el aprendizaje.
525			Por lo mismo, se ha investigado su utilidad contra la enfermedad de Alzheimer -al eliminar las placas amiloides- y la depresión, ya que actúa como antidepresivo al estimular los neurotransmisores cerebrales y generar serotonina y dopamina; su eficacia incluso se ha comparado con la fluoxetina (Prozac).
526			La cúrcuma, especialmente su compuesto activo la curcumina, ofrece varios beneficios para la salud:
527	Heading3		Beneficios de la Cúrcuma
528			Propiedades Antiinflamatorias: La curcumina ayuda a reducir la inflamación en el cuerpo.
529			Antioxidante Potente: Ayuda a combatir el daño causado por los radicales libres.
530			Mejora de la Función Cerebral: Puede aumentar los niveles de la hormona BDNF, que promueve el crecimiento de nuevas neuronas.
531			Reducción del Riesgo de Enfermedades Cardíacas: Mejora la función del endotelio, que es el revestimiento de los vasos sanguíneos.
532			Prevención y Tratamiento del Cáncer: Hay estudios que sugieren que la curcumina puede afectar el crecimiento y desarrollo del cáncer.
533			Beneficios para la Artritis: Sus propiedades antiinflamatorias pueden ayudar a aliviar los síntomas de la artritis.
534			Apoyo en la Digestión: Mejora la digestión y puede reducir los síntomas del síndrome del intestino irritable.
535			Propiedades Antimicrobianas: Puede ayudar a combatir infecciones bacterianas y fúngicas.
536		media/image16.png	COMINO
537			Es una especia muy utilizada en la gastronomía como un digestivo, además de darle un olor y sabor único a los platos. Pero también son importantes de esta especia sus propiedades medicinales.
538			Sus propiedades son muy importantes para mejorar la salud de nuestro organismo:
539			El consumo de comino nos aporta vitaminas como: magnesio, vitamina E, potasio, fósforo, calcio, hierro y vitamina A.
540			Sus minerales ricos en hierro dan fuerza al sistema inmunológico, lo cual aumenta las defensas y ayuda a combatir enfermedades como la anemia ferropénica.
541			Es un sedante natural que ayuda a disminuir el insomnio.
542			Es un adelgazante natural y ayuda a mejorar la digestión, disminuyendo las flatulencias y reduciendo la inflamación abdominal.
543			CLAVO DE OLOR /CLAVO DE OLOR MOLIDO
544		media/image17.png	El clavo es una especia aromática utilizada en cocinas de todo el mundo.
545			Su sabor particular se reconoce como picante, astringente, ardiente, con un toque amargo.
546			El clavo de olor se ha utilizado durante miles de años como remedio para diversos problemas de salud. Por ejemplo, el clavo puede ayudar a aliviar síntomas de gripe y resfriado, como el dolor de cabeza, los escalofríos y la fiebre, ya que es un antiséptico, antipirético y analgésico natural.
547			También se ha reportado que puede funcionar como estimulante, por tener un aroma con efecto tonificante en el cuerpo que mejora la sensación de fatiga.
548			También se ha reportado que, debido a sus propiedades desinfectantes, se usa para mantener la salud oral, tratar llagas, mal aliento y la reducción del dolor de muelas.
549			Es también de gran utilidad para el sistema digestivo, pues atenúa las náuseas y reduce las molestias asociadas a la producción de gases en el proceso digestivo. También reduce el dolor provocado por cólicos, al ser un antiespasmódico natural.
550			El clavo de olor es fuente de vitaminas A, C, D, E, K y minerales, como el calcio, manganeso, magnesio y potasio. También contiene ácidos grasos omega-3.
551			Posee taninos, mucílagos, sitosterol, cromonas, estigmaterol, resinas, celulosa y ácido oleanólico, entre otros, combinados naturales que le otorgan propiedades antibacteriales, analgésicas, afrodisiacas, analgésicas, antiespasmódicas y estimulantes.
552			Para las personas con diabetes, el clavo puede ayudar a reducir los niveles de azúcar en la sangre, gracias a los flavonoides que contiene.
553			Además, tiene propiedades antiinflamatorias y antibióticas, así como cualidades anticoagulantes, por lo que es beneficioso para personas con problemas cardiovasculares.
554			También promueve la secreción de ácido clorhídrico en el estómago, esto mejora el peristaltismo o la movilización del bolo alimenticio en el aparato digestivo.
555			¿Cómo se recomienda consumirla?
556			Dado que el clavo tiene un sabor extremadamente fuerte, en la cocina se utilizan enteros o molidos, pero en poca cantidad.
557			Además de su uso culinario es común que se utilice para aliviar el dolor de muelas, ya que contiene eugenol, un anestésico natural.
558			También tienen otros usos en medicina Ayurveda, en la herbolaria occidental y en la odontología.
559			Otro uso que se le ha dado al clavo desde el siglo IV a.C. es el de masticarlo para mejorar el aliento.
560		media/image49.png	Dado que contiene eugenol, sustancia que puede llegar a ser tóxica en exceso, se recomienda consumir el clavo en cantidades pequeñas y tener especial cuidado con su consumo en niños menores de dos años de edad.
561			CEBOLLA EN POLVO
562			La Cebolla deshidratada Ecológica de Energy Feelings es rica en un flavonoide llamado quercetina, un poderoso antioxidante que tiene propiedades antiinflamatorias, antialérgicas, y protectoras, y también ayuda a reducir la fatiga, la ansiedad y la depresión.
563		media/image89.png	De sabor y aroma dulce, a diferencia de la cebolla fresca no es fuerte ni ácida.
564			CEBOLLA EN ESCAMAS
565			La cebolla escamas es cebolla deshidratada ideal para enriquecer sofritos y como base para la elaboración de diferentes tipos de salsas. Se puede agregar directamente a los estofados y guisos. Es perfecta para acompañar carnes rojas, aves, sopas, ensaladas y guisos.
566			Excelente ingrediente con un delicioso y refinado sabor a cebolla. La cebolla deshidratada conserva francamente bien el aroma a cebolla e incluso el proceso de desecado lo hace más elegante y sutil que el de la cebolla cruda.
567			
568		media/image85.png	PIMIENTA CAYENA EN POLVO
569			La pimienta de cayena se puede utilizar para cocinar y como remedio. Es un condimento que queda bien en cualquier plato, ya sea de carne, de pescado, en salchichas, para hacer salsa, como por ejemplo, la más famosa: la salsa de tabasco. Una característica de este chile es su intenso sabor picante.
570			Una característica de este chile es su intenso sabor picante. Esto es debido a la capsaicina. Es una sustancia que estimula los receptores del calor, los receptores del dolor en la piel y las membranas mucosas, consiguiendo un efecto de quemazón y provocando calor y un picor que duele.
571			Además los chilis se utilizan como remedio natural. Este efecto lo consiguen estimulando los receptores del calor y del dolor actuando sobre el riego sanguíneo. Por ejemplo, se pueden hacer apósitos con pimienta de cayena para relajar los músculos. Otro de sus beneficios es que estimula la circulación sanguínea y la digestión. El chile es también una sustancia que ayuda a matar las bacterias y tiene efectos analgésicos, ya que disminuye la sensibilidad de los receptores del dolor.
572			
573		media/image120.png	AZAFRÁN
574			Para conseguir un kilogramo de azafrán se necesita recolectar y cosechar 120 mil flores, por lo que no sorprende los elevados precios en los que se vende en el mercado.
575			Entre los beneficios que tiene el azafrán se encuentra que es un excelente antioxidante y ayuda a eliminar los radicales libres que causan el envejecimiento prematuro de las células.
576			De igual manera, es un buen alimento para controlar el apetito, pues aumenta la sensación de saciedad y tiene un componente activo que sirve para mejorar las habilidades cognitivas y la memoria de las personas que sufren Alzheimer.
577			Excelente contra úlceras: sus propiedades antiinflamatorias ayudan a calmar las ulceraciones, aliviando el dolor que producen. Adiós a la diarrea: otro de los muchos beneficios de la buganvilla. Para diabéticos: otro uso medicinal tradicional de la buganvilla es para controlar la diabetes.
578			
579			ANÍS ESTRELLADO
580		media/image110.png	
581			El anís estrellado es un árbol perenne nativo del suroeste de China, Corea y Japón, cuyos frutos en forma de estrella se utilizan ampliamente tanto en la medicina tradicional como en la cocina.
582			El anís estrellado se usa para mejorar las digestiones. Por su efecto carminativo (facilitador de la eliminación de los gases) se usa contra la aerofagia y el meteorismo, como además tiene efecto antiespasmódico es útil para aliviar el flato y cuando hay dolor abdominal debido a espasmos. También es útil para aliviar el dolor y los espasmos intestinales que acompañan a menudo a la diarrea y a los procesos de gastroenteritis. También se usa de forma tradicional para aumentar la secreción de leche en la lactancia.
583			En la industria alimentaria para aromatizar y dar sabor a bebidas y repostería. También tiene acción expectorante, por lo que se utiliza como ingrediente de productos para la tos. Añadido al agua de cocción de las legumbres y otros alimentos flatulentos como la col, facilita la eliminación de los gases que estos alimentos pueden causar.
584		media/image103.png	ANÍS EGIPCIO
585			Este pequeño pero poderoso remedio natural ha sido utilizado durante milenios por sus múltiples beneficios para la salud, y hoy sigue siendo un ingrediente valorado en la cocina y la medicina ancestral.
586			El anís ofrece una amplia gama de beneficios para la salud, respaldados tanto por la tradición como por la ciencia moderna:
587			1. Mejora la digestión: el anís es conocido por sus propiedades carminativas, que ayudan a aliviar la hinchazón, los gases y la indigestión.
588			2. Propiedades antimicrobianas: contiene compuestos con propiedades antimicrobianas que ayudan a combatir infecciones bacterianas y fúngicas.
589			3. Alivio de problemas respiratorios: ayuda a aliviar la tos, el asma y otros problemas respiratorios gracias a sus propiedades expectorantes.
590			4. Regulación menstrual: tiene compuestos que actúan como fitoestrógenos, los cuales pueden ayudar a regular el ciclo menstrual y aliviar los síntomas del síndrome premenstrual (SPM).
591			
592		media/image18.png	LEVADURA NUTRICIONAL
593			La levadura nutricional es un producto que contiene el hongo Saccharomyces cerevisiae y se obtiene, mediante procesos fermentativos, de las melazas procedentes de remolacha o de caña de azúcar. Se pasteuriza, se somete a un secado y se comercializa en diferentes formatos, como en polvo, en copos e, incluso, en cápsulas o comprimidos.
594			Se denomina así por la gran cantidad de nutrientes que contiene, entre los que destacan las proteínas, vitaminas y minerales.
595			"A diferencia de las levaduras que se emplean en panadería y repostería, está inactiva. ""Las levaduras están muertas al haber sido sometidas a ciertas temperaturas y, por eso, no se pueden usar para elaborar productos derivados de la fermentación"", explica Ramón de Cangas, dietista-nutricionista y doctor en Biología Molecular y Funcional. El experto precisa que, pese a ello, ""conserva sus propiedades desde el punto de vista de su contenido en vitaminas y minerales""."
596			"La levadura nutricional es muy rica en proteínas. De Cangas destaca que aproximadamente ""la mitad de su peso es proteína de un valor biolótgico elevado"". Se considera baja en sodio y grasa y también se caracteriza por contener aminoácidos esenciales, grasas insaturadas, vitaminas del grupo B (tiamina, riboflavina, niacina y ácido fólico) y minerales como el selenio, el fósforo, el azufre, el cromo, el zinc o el hierro."
597			"El dietista-nutricionista hace hincapié en que aporta ""una cantidad significativa de vitaminas del grupo B, que son muy importantes en múltiples funciones de nuestro organismo (sistema inmune, metabolismo...)""."
598			"La levadura nutricional un alimento muy empleado en la cocina vegetariana y vegana por su elevado contenido en proteínas. Entre otros usos, se añade a diferentes recetas como sustituto del queso rallado por su textura, sabor y aroma. También es un ingrediente fundamental del queso vegano. ""En polvo puede ingerirse cruda sin necesidad de cocción, agregándole a sopas, pasta, yogures, leche, jugos o, incluso, a un vaso de agua"", enumera Zubieta."
599			"Suele utilizarse también como condimento en todo tipo de platos: ensaladas, cremas, guisos, tostadas, batidos... ""Culinariamente hablando, potencia en gran medida los sabores cuando se emplea en la cocina"", resalta la dietista-nutricionista."
600			
601			AJO GRANULADO
602		media/image19.png	Usos Culinarios:
603			Se utiliza en mezclas de condimentos y sazonadores.
604			Ideal para sopas, guisos y adobos.
605			Se disuelve fácilmente, lo que facilita su incorporación en recetas.
606			Propiedades para la Salud:
607			Tiene propiedades antibacterianas y antivirales.
608			Ayuda a reducir la presión arterial.
609			Favorece la salud cardiovascular.
610			Contiene antioxidantes que pueden proteger contra el daño celular.
611			AJO EN POLVO
612		media/image60.png	Usos Culinarios:
613			Muy versátil y fácil de usar en casi cualquier plato.
614			Se usa en marinados, aderezos, salsas y mezclas de especias.
615			Ideal para dar sabor sin alterar la textura de las preparaciones.
616			Propiedades para la Salud:
617			Mantiene muchas de las propiedades saludables del ajo fresco.
618			Puede ayudar a reducir el colesterol.
619			Tiene efectos antibacterianos y puede ayudar en la prevención de enfermedades.
620			AJO EN ESCAMAS
621		media/image36.png	Usos Culinarios:
622			Ideal para platos que requieren una cocción lenta, como estofados y asados.
623			Se puede usar como cobertura crujiente para ensaladas y platos de pasta.
624			Añade textura y sabor a los platos.
625			Propiedades para la Salud:
626			Al igual que el ajo fresco, tiene propiedades antiinflamatorias.
627			Puede ayudar a mejorar la salud digestiva.
628			Ayuda a fortalecer el sistema inmunológico.
629			
630			AJÍ EN POLVO
631	Heading3		Origen del Ají en Polvo
632		media/image81.png	"El ají en polvo se obtiene a partir de la molienda de los frutos secos de varias especies de Capsicum, como el ají o chile. El ají es originario de América, específicamente de regiones como Bolivia y Perú, donde se han encontrado evidencias de su uso desde hace más de 7,000 años2. Durante la época de la conquista de América, los españoles lo confundieron con la pimienta, de ahí que en algunos lugares se le llame ""pimiento""."
633	Heading3		Propiedades del Ají en Polvo
634			El ají en polvo tiene varias propiedades beneficiosas para la salud:
635			Propiedades anticancerígenas: La capsaicina, el compuesto que le da el picor, puede ayudar a reducir el riesgo de ciertos tipos de cáncer.
636			Mejora la circulación: Ayuda a mejorar la circulación sanguínea y puede prevenir problemas cardiovasculares.
637			Propiedades analgésicas: Puede actuar como un analgésico natural, aliviando dolores articulares y musculares.
638			Propiedades digestivas: Facilita la digestión y evita infecciones intestinales
639			
640			
641		media/image87.png	AJÍ PASILLA
642			"Descripción: También conocido como ""chile negro"", es la versión seca del chile chilaca."
643			Sabor: Terroso, dulce y afrutado.
644			Usos: Principalmente en salsas como el mole y adobo.
645			Escala Scoville: 1,000 - 2,500 SHU
646			Propiedades Antiinflamatorias: Ayuda a reducir la inflamación.
647			Mejora la Circulación Sanguínea: Puede ayudar a prevenir problemas cardiovasculares.
648			
649		media/image67.png	AJÍ CHIPOTLE
650			Descripción: Jalapeños secos y ahumados.
651			Sabor: Ahumado, terroso y ligeramente dulce.
652			Usos: En salsas, adobos y como condimento.
653			Escala Scoville: 2,500 - 8,000 SHU
654			Propiedades Antioxidantes: Ayuda a combatir el estrés oxidativo y protege las células.
655			Mejora la Digestión: Puede ayudar a estimular la digestión y prevenir problemas gastrointestinales.
656		media/image23.png	AJÍ GUAJILLO
657			Descripción: Versión seca del chile mirasol.
658			Sabor: Tangy, con notas de arándano y té.
659			Usos: En salsas, sopas y guisos.
660			Escala Scoville: 2,500 - 5,000 SHU
661			Propiedades Analgésicas: Puede ayudar a aliviar dolores leves.
662			Mejora el Metabolismo: Ayuda a acelerar el metabolismo y puede contribuir a la pérdida de peso.
663			
664			
665			
666		media/image70.png	AJÍ DE ÁRBOL
667			Descripción: Chile pequeño y delgado, conocido por su picor.
668			Sabor: Ahumado y ligeramente nuez.
669			Usos: En salsas, guisos y como decoración.
670			Escala Scoville: 15,000 - 30,000 SHU
671			Propiedades Antiulcerosas: Puede ayudar a prevenir la formación de úlceras gástricas.
672			Mejora la Circulación Sanguínea: Ayuda a mejorar la circulación y puede prevenir problemas cardiovasculares.
673			
674		media/image64.png	CHILE ANCHO
675			Descripción: Versión seca del chile poblano.
676			Sabor: Dulce, ahumado y terroso.
677			Usos: En salsas, moles y rubs para carnes.
678			Escala Scoville: 1,000 - 1,500 SHU
679			Propiedades Anticancerígenas: Los compuestos en el chile ancho pueden ayudar a reducir el riesgo de ciertos tipos de cáncer.
680			Mejora la Salud Ocular: Rico en vitamina A, que es esencial para la salud ocular.
681			
682	Heading3	media/image106.png	CHILE HABANERO
683	Heading3		Descripción: Chile pequeño y muy picante, originario de la región amazónica.
684			Sabor: Afrutado, cítrico y ligeramente ahumado.
685			Usos: En salsas, marinados y platos muy picantes.
686			Escala Scoville: 100,000 - 350,000 SHU
687			Propiedades Antibacterianas: La capsaicina tiene propiedades antibacterianas que pueden ayudar a combatir infecciones.
688			Alivia el dolor: Puede actuar como un analgésico natural, aliviando dolores articulares y musculares.
689			
690			CHILE PANCA
691		media/image45.png	
692			Descripción: También conocido como ají marrón, es popular en la cocina peruana.
693			Sabor: Ahumado, con notas de bayas.
694			Usos: En sopas, salsas y como condimento para mariscos y arroz.
695			Escala Scoville: 1,000 - 1,500 SHU
696			Propiedades Antioxidantes: Ayuda a proteger las células del daño oxidativo.
697			Mejora la Salud Cardiovascular: Puede ayudar a reducir los niveles de colesterol y mejorar la salud del corazón.
698			
699	Heading3		AJÍ ESCABECHI
700		media/image8.png	Descripción: Variedad de ají utilizada en la cocina peruana.
701			Sabor: Picante y ligeramente dulce.
702			Usos: En escabeches y salsas.
703			Escala Scoville: 10,000 - 17,000 SHU
704			www.chileplanet.eu  www.escala scoville.com
705			
706		media/image94.png	ACHIOTE EN GRANO
707			El achiote en grano, es una especia muy utilizada en la cocina latinoamericana.
708	Heading3		Usos
709			Adobo para carnes: Se puede moler los granos junto con otras especias como comino, pimienta y ajo. Luego, se mezcla con aceite, jugo de limón y vinagre para marinar carnes.
710			Salsas: Los granos de achiote se calientan en aceite para liberar su color y sabor, y luego se utiliza el aceite colado como base para salsas.
711			Infusiones: Se pueden preparar infusiones agregando los granos a agua caliente, aprovechando sus propiedades antioxidantes.
712	Heading3		Propiedades
713			Antioxidantes: El achiote es rico en carotenoides, terpenoides, flavonoides y tocotrienoles, que tienen una fuerte acción antioxidante.
714			Antiinflamatorias: Ayuda a reducir la inflamación en el cuerpo.
715			Salud ocular: Los carotenoides presentes en el achiote son importantes para mantener la visión y proteger los ojos.
716			Control de azúcar en la sangre: Los tocoferoles presentes en el extracto de hoja de achiote pueden mejorar la resistencia a la insulina.
717	Heading3		Preparación
718			Moler los granos: Utiliza un molinillo o mortero para moler los granos junto con otras especias
719			Calentar en aceite: Caliente los granos en aceite para liberar su color y sabor.
720			Infusión: Agrega los granos a agua caliente y déjalos reposar por unos minutos antes de colar la infusión
721			www.tuasuade.com
722			ACHIOTE EN POLVO
723		media/image28.png	El achiote en polvo comparte muchos de los mismos usos, propiedades y métodos de preparación que el achiote en grano, aunque hay algunas diferencias notables. Aquí tienes la información específica:
724	Heading3		Usos
725			Colorante natural: El achiote en polvo se utiliza comúnmente para dar color a comidas como arroz, sopas, guisos y salsas.
726			Condimento: Puede espolvorearse directamente sobre alimentos como carne, pollo y vegetales para agregar sabor.
727			Adobos y marinadas: Al igual que el achiote en grano, se puede usar en la preparación de adobos y marinadas para carnes, otorgándoles un color y sabor distintivos.
728	Heading3		Propiedades
729			Las propiedades del achiote en polvo son similares a las del achiote en grano:
730			Antioxidantes: Rico en carotenoides, ayuda a combatir los radicales libres.
731			Antiinflamatorias: Ayuda a reducir la inflamación en el cuerpo.
732			Salud ocular: Los carotenoides ayudan a mantener la salud de la visión.
733			Control de azúcar en la sangre: Puede mejorar la resistencia a la insulina.
734	Heading3		Preparación
735			Mezcla en polvo: El achiote en polvo se puede mezclar fácilmente con otros ingredientes secos para crear mezclas de especias.
736			Infusión en aceite: Calienta el achiote en polvo en aceite para liberar su color y sabor. Este aceite puede ser utilizado en la preparación de diversos platillos.
737			Disolver en líquidos: El achiote en polvo se puede disolver en líquidos como agua o caldo para incorporarlo a salsas y sopas.
738			
739			
740			
741			
742			
743			FRUTOS SECOS
744			NUEZ
745	Heading3	media/image11.png	Origen y características:
746			La nuez es el fruto del nogal (Juglans regia), un árbol que se cultiva principalmente en regiones templadas de Asia, Europa y América del Norte. Las nueces son conocidas por su forma distintiva, con una cáscara dura y rugosa que contiene un núcleo comestible con forma de cerebro.
747	Heading3		Propiedades alimenticias y beneficios para la salud:
748			Las nueces son altamente nutritivas y ofrecen numerosos beneficios para la salud:
749			Vitaminas y minerales: Son una excelente fuente de vitamina E, vitamina B6, ácido fólico, cobre y manganeso.
750			Grasas saludables: Contienen ácidos grasos omega-3, que son beneficiosos para la salud cardiovascular.
751			Antioxidantes: Ricas en antioxidantes, como los polifenoles, que ayudan a combatir el estrés oxidativo en el cuerpo.
752			Fibra: Son una buena fuente de fibra dietética, esencial para una digestión saludable.
753			Proteínas: Aportan una cantidad significativa de proteínas, lo que las convierte en un excelente complemento para dietas vegetarianas y veganas.
754	Heading3		Beneficios para la salud:
755			Salud cardiovascular: Las grasas saludables en las nueces ayudan a reducir el colesterol LDL (colesterol malo) y aumentar el colesterol HDL (colesterol bueno), lo que reduce el riesgo de enfermedades cardíacas.
756			Salud cerebral: Los ácidos grasos omega-3 y los antioxidantes presentes en las nueces pueden contribuir a la salud cerebral y ayudar a prevenir enfermedades neurodegenerativas.
757			Salud digestiva: La fibra en las nueces mejora la función intestinal y previene el estreñimiento.
758			Control del azúcar en sangre: A pesar de ser ricas en grasas, tienen un índice glucémico bajo, lo que las hace adecuadas para personas con diabetes en cantidades moderadas.
759			Anti-inflamatorio: Los compuestos bioactivos en las nueces tienen propiedades antiinflamatorias que pueden ayudar a reducir la inflamación en el cuerpo.
760	Heading3		Usos y preparaciones:
761			Las nueces son extremadamente versátiles y se pueden usar en una variedad de preparaciones culinarias:
762			En repostería: Perfectas para galletas, muffins y panes.
763			En ensaladas: Añaden un toque crujiente y nutritivo a las ensaladas verdes o de granos.
764			En platos salados: Pueden ser usadas en platos de arroz, cuscús y guisos para un sabor agridulce.
765			Como snack: Son un snack saludable por sí solas o mezcladas con nueces y otros frutos secos.
766			En salsas: Se pueden moler y utilizar como base para salsas cremosas y saludables.
767	Heading3		ALMENDRAS
768	Heading3		Origen y características:
769		media/image121.png	La almendra es el fruto del almendro (Prunus dulcis), un árbol originario del suroeste de Asia, particularmente de la región que abarca Irán y los países circundantes. Las almendras son semillas comestibles que se encuentran dentro de una cáscara dura y rugosa. Existen dos tipos principales de almendras: las dulces y las amargas. Las almendras dulces son las que comúnmente se consumen como fruto seco, mientras que las almendras amargas se utilizan para extraer aceite y esencias.
770	Heading3		Propiedades alimenticias y beneficios para la salud:
771			Las almendras son altamente nutritivas y ofrecen numerosos beneficios para la salud:
772			Vitaminas y minerales: Son una excelente fuente de vitamina E, vitamina B2 (riboflavina), magnesio, fósforo y calcio2.
773			Grasas saludables: Contienen grasas monoinsaturadas y poliinsaturadas, que son beneficiosas para la salud cardiovascular.
774			Antioxidantes: Ricas en antioxidantes, como la vitamina E, que ayudan a combatir el estrés oxidativo en el cuerpo.
775			Fibra: Son una buena fuente de fibra dietética, esencial para una digestión saludable.
776			Proteínas: Aportan una cantidad significativa de proteínas, lo que las convierte en un excelente complemento para dietas vegetarianas y veganas.
777	Heading3		Beneficios para la salud:
778			Salud cardiovascular: Las grasas saludables en las almendras ayudan a reducir el colesterol LDL (colesterol malo) y aumentar el colesterol HDL (colesterol bueno), lo que reduce el riesgo de enfermedades cardíacas.
779			Salud digestiva: La fibra en las almendras mejora la función intestinal y previene el estreñimiento.
780			Control del azúcar en sangre: A pesar de ser ricas en grasas, tienen un índice glucémico bajo, lo que las hace adecuadas para personas con diabetes en cantidades moderadas.
781			Salud ósea: El calcio y el magnesio presentes en las almendras son esenciales para la formación y el mantenimiento de huesos fuertes.
782			Energía: Proporcionan una fuente rápida de energía debido a su contenido de grasas y carbohidratos saludables.
783	Heading3		Usos y preparaciones:
784			Las almendras son extremadamente versátiles y se pueden usar en una variedad de preparaciones culinarias:
785			En repostería: Perfectas para galletas, muffins y panes.
786			En ensaladas: Añaden un toque crujiente y nutritivo a las ensaladas verdes o de granos.
787			En platos salados: Pueden ser usadas en platos de arroz, cuscús y guisos para un sabor agridulce.
788			Como snack: Son un snack saludable por sí solas o mezcladas con nueces y otros frutos secos.
789			En salsas: Se pueden moler y utilizar como base para salsas cremosas y saludables
790			
791			
792			
793		media/image53.png	ALMENDRA FILETEADA
794			Las almendras fileteadas son simplemente almendras enteras que han sido cortadas en finas láminas. Aquí tienes información adicional sobre ellas:
795	Heading3		Usos
796			Decoración: Se utilizan comúnmente para decorar postres, ensaladas y platos principales, añadiendo un toque crujiente y atractivo.
797			Repostería: Son ideales para añadir a masas de galletas, pasteles y panes.
798			Granolas y cereales: Se pueden mezclar con granolas y cereales para un desayuno nutritivo.
799	Heading3		Propiedades Nutricionales
800			Proteínas: Al igual que las almendras enteras, las almendras fileteadas son una buena fuente de proteínas.
801			Grasas saludables: Contienen grasas monoinsaturadas y poliinsaturadas que son beneficiosas para la salud cardiovascular.
802			Fibra: Aportan fibra dietética que ayuda a la digestión.
803			Vitaminas y minerales: Son ricas en vitamina E, magnesio, calcio y fósforo, lo que contribuye a la salud ósea y a la función antioxidante.
804	Heading3		Preparación
805			Tostado: Puedes tostar las almendras fileteadas en una sartén o en el horno para realzar su sabor.
806			Añadir a recetas: Se pueden añadir directamente a recetas de repostería, ensaladas y platos principales.
807			Mezclas de especias: Se pueden mezclar con otras especias y hierbas para crear mezclas de condimentos.
808			Las almendras fileteadas son una opción versátil y saludable para añadir textura y sabor a una variedad de platos.
809			
810		media/image95.png	ALMENDRA DE SAL
811			La almendra tostada con piel y sal ayuda a reducir los niveles de colesterol, mejora la salud digestiva, reduce los niveles de azúcar en sangre, posee altos niveles de antioxidantes, aporta beneficios a nivel cognitivo, mejora la salud de nuestros huesos y ayuda a mantener el peso.
812			
813			
814			Igualmente existen variantes de las almendras como almendras confitadas y almendras crocantes.
815	Heading3	media/image61.png	PISTACHOS
816			Los pistachos destacan entre el resto de frutos secos por ser muy nutritivos, contienen un 20 % de proteína vegetal y también es muy rico en hidratos de carbono, pero de absorción lenta, ideales como aporte de energía. Contienen grasas insaturadas, son ricos en fósforo, potasio, pero también en hierro, así como zinc y vitamina E. Son también ricos en antioxidantes y, sobre todo, en fibra, por lo que son ideales para el sistema digestivo.
817			Usos:
818			Snacks: Consumir pistachos crudos o tostados como snack.
819			Ensaladas y platos salados: Añadir pistachos a ensaladas y platos salados.
820			Postres: Utilizados en la preparación de postres como helados y pasteles.
821			Propiedades:
822			Salud cardiovascular: Ayudan a reducir el colesterol LDL y mejorar la salud del corazón.
823			Control de diabetes: Ayudan a regular los niveles de azúcar en la sangre.
824			Antioxidantes: ricos en antioxidantes que combaten el estrés oxidativo.
825			Preparación:
826			Tostados: Tostar los pistachos para un sabor más intenso.
827			Moler: Moler los pistachos para usarlos en recetas de repostería.
828			Pesto de pistacho: Utilizar pistachos para hacer pesto.
829			Los pistachos ayudan a reducir el riesgo de desarrollar problemas cardiovasculares, como los infartos de miocardio o accidentes cerebrovasculares. Esto es gracias a su contenido en vitaminas E, ácido fólico y fitoesteroles. Además, un estudio llevado a cabo por científicos de la Universidad de Pennsylvania, determinó que incluir los pistachos en la alimentación mejora el control de la desaturasa y produce un leve descenso en el colesterol LDL.
830			El consumo de pistachos mejora la resistencia a la insulina y disminuye el incremento de los niveles de glucosa en sangre después de las comidas, tal y como mostró un estudio realizado por la Universidad Rovira i Virgili de Tarragona, por lo que se considera a estos frutos secos un buen aliado para evitar la diabetes tipo II. Otro estudio de la Universidad de Toronto mostró que consumidos solos el efecto era mínimo, pero cuando se tomaban tras una comida alta en carbohidratos, sí que había una respuesta más clara ante el paso del azúcar al organismo. Además, siempre se destaca de los pistachos su alto contenido en fibra y en antioxidantes.
831			www.directoalpaladar.com
832			www.vitonica .com
833			
834			Proteínas: Aportan una buena cantidad de proteínas, esenciales para el crecimiento y reparación de tejidos.
835			Grasas saludables: Son ricas en ácidos grasos omega-3, que son beneficiosos para la salud cardiovascular.
836			Fibra: Contienen fibra que ayuda a mejorar la digestión y mantener un sistema digestivo saludable.
837			Vitaminas y minerales: Son una buena fuente de vitamina E, magnesio y cobre.
838	Heading3		Almendras
839			Proteínas: Aportan proteínas de alta calidad, importantes para la construcción y reparación muscular.
840			Grasas saludables: Ricas en ácidos grasos monoinsaturados que ayudan a reducir el colesterol LDL.
841			Fibra: Contienen una cantidad significativa de fibra que contribuye a una buena digestión.
842			Vitaminas y minerales: Son una excelente fuente de vitamina E, magnesio y calcio.
843	Heading3		Pistachos
844			Proteínas: Proveen una buena cantidad de proteínas, esenciales para el crecimiento y mantenimiento del cuerpo.
845			Grasas saludables: Son ricos en ácidos grasos monoinsaturados y poliinsaturados, beneficiosos para la salud del corazón.
846			Fibra: Tienen un alto contenido de fibra que ayuda a la digestión y la saciedad.
847			Vitaminas y minerales: Son una buena fuente de vitamina B6, potasio y antioxidantes.
848			Estas propiedades nutricionales hacen que las nueces, almendras y pistachos sean una excelente opción para una dieta balanceada y saludable.
849		media/image42.png	ARÁNDANOS
850			Los arándanos son nativos de América del Norte, específicamente de regiones de Estados Unidos y Canadá. Actualmente, también se cultivan en otras partes del mundo, como Europa y Sudamérica.
851			Los arándanos deshidratados tiene las siguientes propiedades:
852			Antioxidantes: Los arándanos deshidratados son ricos en antioxidantes, como las antocianinas, que ayudan a combatir el estrés oxidativo.
853			Fibra: tienen un buen contenido de fibra, lo que contribuye a una digestión saludable.
854			Vitaminas y minerales: Mantienen una buena cantidad de vitaminas y minerales, como la vitamina K y el manganeso.
855			Beneficios específicos de los arándanos deshidratados:
856			Conveniencia y conservación: Los arándanos deshidratados son fáciles de almacenar y tienen una vida útil más larga, lo que los hace convenientes para llevar como bocadillo.
857			Versatilidad: Pueden ser usados en una variedad de preparaciones, como mezclados en cereales, granolas, ensaladas, postres y panes.
858			Su consumo con moderación, puede ser una opción saludable y práctica.
859			PASAS
860	Heading3	media/image73.png	Origen y características:
861			Las uvas pasas son uvas deshidratadas. Se producen mediante la exposición de las uvas frescas al sol o utilizando métodos mecánicos para eliminar el agua. Las variedades más comunes son las uvas Thompson Seedless, que no tienen semillas y son conocidas por su dulzura.
862	Heading3		Propiedades alimenticias y beneficios para la salud:
863			Las uvas pasas son una fuente concentrada de nutrientes y energía. Aquí están algunas de sus principales propiedades:
864			Vitaminas y minerales: ricas en hierro, potasio, calcio y magnesio, así como vitaminas B y K.
865			Fibra: contienen una buena cantidad de fibra dietética, lo que ayuda a la digestión y previene el estreñimiento..
866			Antioxidantes: llenas de antioxidantes como los polifenoles, que ayudan a combatir los radicales libres en el cuerpo.
867			Energía: altas en azúcares naturales, proporcionando una rápida fuente de energía.
868	Heading3		Beneficios para la salud:
869			Salud ósea: gracias a su contenido de calcio y boro, ayudan en la formación y mantenimiento de los huesos.
870			Salud digestiva: la fibra dietética mejora la función intestinal.
871			Salud cardíaca: los antioxidantes pueden ayudar a reducir el riesgo de enfermedades cardíacas.
872			Control del azúcar en sangre: tienen un bajo índice glucémico, lo que las hace adecuadas para personas con diabetes en cantidades moderadas.
873	Heading3		Usos y preparaciones:
874			Las uvas pasas son muy versátiles en la cocina y pueden ser usadas en una variedad de platos:
875			En repostería: ideales para galletas, panes, y pasteles.
876			En ensaladas: añaden un toque dulce a ensaladas verdes o de granos.
877			En platos salados: pueden ser incorporadas en platos de arroz, cuscús o tajines para un sabor agridulce.
878			Como snack: un excelente snack saludable por sí solas o mezcladas con nueces y otros frutos secos.
879			Las uvas pasas son un alimento delicioso y nutritivo que puede ser incorporado fácilmente en la dieta diaria.
880			
881			
882			PASAS RUBIA
883	Heading3		Origen y características:
884		media/image79.png	"Las pasas rubias, también conocidas como ""sultanas"" o ""golden raisins"" en inglés, son uvas secas que se obtienen a partir de variedades de uvas blancas o amarillas, como la uva Thompson Seedless. Su proceso de deshidratación es diferente al de las pasas oscuras; suelen ser tratadas con dióxido de azufre para mantener su color claro y luego se secan al sol o en hornos. Tienen una textura más suave y un sabor más dulce y delicado en comparación con las pasas oscuras."
885	Heading3		Propiedades alimenticias y beneficios para la salud:
886			Las pasas rubias comparten muchas de las mismas propiedades nutricionales que las pasas oscuras, pero aquí están algunas de sus características principales:
887			Vitaminas y minerales: ricas en potasio, hierro, calcio, y vitaminas del grupo B, especialmente B6.
888			Fibra: son una buena fuente de fibra dietética, esencial para una digestión saludable.
889			Antioxidantes: contienen antioxidantes que ayudan a combatir el estrés oxidativo en el cuerpo.
890			Azúcares naturales: altas en azúcares naturales, lo que las convierte en una fuente rápida de energía.
891	Heading3		Beneficios para la salud:
892			Salud digestiva: la fibra dietética en las pasas rubias puede ayudar a prevenir el estreñimiento y mejorar la salud intestinal.
893			Control del azúcar en sangre: a pesar de ser ricas en azúcares, tienen un índice glucémico bajo, lo que las hace adecuadas para personas con diabetes en cantidades moderadas.
894			Salud ósea: el calcio y el boro presentes en las pasas rubias son beneficiosos para la salud ósea.
895			Energía rápida: ideales para una rápida recarga de energía, especialmente para atletas y personas activas.
896	Heading3		Usos y preparaciones:
897			Las pasas rubias son extremadamente versátiles y se pueden usar en una variedad de preparaciones culinarias:
898			En repostería: perfectas para galletas, muffins, y panes como el pan dulce.
899			En ensaladas: añaden un toque dulce a las ensaladas verdes o de granos, como la quinoa.
900			En platos salados: pueden ser usadas en platos de arroz, cuscús, y guisos para un sabor agridulce.
901			Como snack: son un snack saludable por sí solas o mezcladas con nueces y otros frutos secos.
902			Las pasas rubias no solo son deliciosas, sino que también son un complemento nutritivo para una dieta equilibrada.
903			CIRUELAS PASA
904	Heading3		Origen y características:
905		media/image51.png	"Las ciruelas pasa son ciruelas deshidratadas, generalmente de la variedad ""d'Agen"" o ""francesa"". Estas ciruelas son grandes y tienen un alto contenido de azúcares naturales, lo que las hace ideales para el proceso de deshidratación. California produce el 99% de las ciruelas pasa de Estados Unidos y el 70% de la cosecha mundial."
906	Heading3		Propiedades alimenticias y beneficios para la salud:
907			Las ciruelas pasa son una fuente rica en nutrientes y ofrecen numerosos beneficios para la salud:
908			Vitaminas y minerales: ricas en fibra, vitamina K, cobre, potasio y magnesio.
909			Antioxidantes: contienen polifenoles, que combaten la inflamación y el estrés oxidativo.
910			Fibra: ayudan a la digestión y previenen el estreñimiento.
911			Energía: proporcionan una fuente rápida de energía debido a su contenido de azúcares naturales.
912	Heading3		Beneficios para la salud:
913			Salud digestiva: la fibra en las ciruelas pasa ayuda a regular el intestino y aliviar el estreñimiento.
914			Salud ósea: los nutrientes presentes en las ciruelas pasa, como la vitamina K y el magnesio, son beneficiosos para la salud ósea.
915			Salud cardiovascular: ayudan a reducir el colesterol y proteger contra enfermedades cardiovasculares.
916			Control del azúcar en sangre: a pesar de su dulzura, tienen un índice glucémico bajo, lo que las hace adecuadas para personas con diabetes en cantidades moderadas.
917	Heading3		Usos y preparaciones:
918			Las ciruelas pasa son muy versátiles en la cocina y se pueden usar en una variedad de preparaciones:
919			En repostería: ideales para galletas, panes y pasteles.
920			En ensaladas: añaden un toque dulce a ensaladas verdes o de granos.
921			En platos salados: pueden ser incorporadas en platos de arroz, cuscús o guisos para un sabor agridulce.
922			Como snack: un excelente snack saludable por sí solas o mezcladas con nueces y otros frutos secos.
923			Las ciruelas pasa no solo son deliciosas, sino que también son un complemento nutritivo para una dieta equilibrada.
924			www.aarp.org
925			AVELLANAS
926	Heading3		Origen y características:
927		media/image118.png	Las avellanas son el fruto del avellano (Corylus avellana), un arbusto frutal perteneciente a la familia de las Betuláceas. Originarias del noreste de Asia Menor, las avellanas han sido consumidas desde tiempos antiguos, con registros que datan de la Mesopotamia. Los griegos desempeñaron un papel crucial en su propagación al llevarlas a Grecia y, desde allí, se extendieron a diversas regiones del mundo, especialmente en el Mediterráneo.
928	Heading3		Propiedades alimenticias y beneficios para la salud:
929			Las avellanas son una fuente rica en nutrientes y ofrecen numerosos beneficios para la salud:
930			Vitaminas y minerales: contienen vitaminas B, B1, B2, B3 y B9, así como vitamina A, C y E. También son ricas en minerales como calcio, fósforo, magnesio, manganeso y potasio.
931			Antioxidantes: poseen propiedades antioxidantes gracias a los flavonoides y la vitamina E, que ayudan a combatir los radicales libres en el cuerpo.
932			Grasas saludables: contienen grasas poliinsaturadas y monoinsaturadas, siendo una excelente fuente de ácido oleico.
933			Fibra: son una buena fuente de fibra dietética, esencial para una digestión saludable.
934	Heading3		Beneficios para la salud:
935			Salud cardiovascular: ayudan a reducir el riesgo de enfermedades cardíacas gracias a sus grasas saludables y antioxidantes.
936			Salud digestiva: la fibra en las avellanas mejora la función intestinal y previene el estreñimiento.
937			Control del azúcar en sangre: a pesar de ser ricas en grasas, tienen un índice glucémico bajo, lo que las hace adecuadas para personas con diabetes en cantidades moderadas.
938			Energía: proporcionan una fuente rápida de energía debido a su contenido de grasas y carbohidratos saludables.
939	Heading3		Usos y preparaciones:
940			Las avellanas son extremadamente versátiles y se pueden usar en una variedad de preparaciones culinarias:
941			En repostería: perfectas para galletas, muffins, y panes como el pan dulce.
942			En ensaladas: añaden un toque crujiente y nutritivo a las ensaladas verdes o de granos.
943			En platos salados: pueden ser usadas en platos de arroz, cuscús, y guisos para un sabor agridulce.
944			Como snack: son un snack saludable por sí solas o mezcladas con nueces y otros frutos secos
945			www.ecologiaverde.com
946			www.frutas-hortalizas.com
947			www.plantamia.net
948			NUEZ PECANA
949	Heading3	media/image96.png	Origen y características:
950			Las avellanas son el fruto del avellano (Corylus avellana), un arbusto frutal perteneciente a la familia de las Betuláceas. Originarias del noreste de Asia Menor, las avellanas han sido consumidas desde tiempos antiguos, con registros que datan de la Mesopotamia. Los griegos desempeñaron un papel crucial en su propagación al llevarlas a Grecia y, desde allí, se extendieron a diversas regiones del mundo, especialmente en el Mediterráneo.
951	Heading3		Propiedades alimenticias y beneficios para la salud:
952			Las avellanas son una fuente rica en nutrientes y ofrecen numerosos beneficios para la salud:
953			Vitaminas y minerales: contienen vitaminas B, B1, B2, B3 y B9, así como vitamina A, C y E. También son ricas en minerales como calcio, fósforo, magnesio, manganeso y potasio.
954			Antioxidantes: poseen propiedades antioxidantes gracias a los flavonoides y la vitamina E, que ayudan a combatir los radicales libres en el cuerpo.
955			Grasas saludables: contienen grasas poliinsaturadas y monoinsaturadas, siendo una excelente fuente de ácido oleico.
956			Fibra: pon una buena fuente de fibra dietética, esencial para una digestión saludable.
957	Heading3		Beneficios para la salud:
958			Salud cardiovascular: ayudan a reducir el riesgo de enfermedades cardíacas gracias a sus grasas saludables y antioxidantes.
959			Salud digestiva: la fibra en las avellanas mejora la función intestinal y previene el estreñimiento.
960			Control del azúcar en sangre: a pesar de ser ricas en grasas, tienen un índice glucémico bajo, lo que las hace adecuadas para personas con diabetes en cantidades moderadas.
961			Energía: proporcionan una fuente rápida de energía debido a su contenido de grasas y carbohidratos saludables.
962	Heading3		Usos y preparaciones:
963			Las avellanas son extremadamente versátiles y se pueden usar en una variedad de preparaciones culinarias:
964			En repostería: perfectas para galletas, muffins, y panes como el pan dulce.
965			En ensaladas: añaden un toque crujiente y nutritivo a las ensaladas verdes o de granos.
966			En platos salados: pueden ser usadas en platos de arroz, cuscús, y guisos para un sabor agridulce.
967			Como snack: son un snack saludable por sí solas o mezcladas con nueces y otros frutos secos.
968			Las avellanas son un superalimento con muchos beneficios específicos para la salud:
969			Salud cardiovascular:
970			Reducción del colesterol: Las avellanas contienen grasas monoinsaturadas y poliinsaturadas que ayudan a reducir los niveles de colesterol LDL (colesterol malo) y aumentan el colesterol HDL (colesterol bueno).
971			Antioxidantes: La vitamina E y los compuestos fenólicos presentes en las avellanas protegen contra la oxidación del colesterol LDL, reduciendo el riesgo de enfermedades cardíacas.
972			Salud digestiva:
973			Fibra: Las avellanas son ricas en fibra dietética, lo que favorece la regularidad intestinal y previene el estreñimiento.
974			Prebióticos: La fibra también actúa como prebiótico, alimentando las bacterias saludables en el intestino.
975			Control del azúcar en sangre:
976			Índice glucémico bajo: Las avellanas tienen un índice glucémico bajo, lo que ayuda a mantener niveles estables de azúcar en sangre.
977			Mejora de la sensibilidad a la insulina: El consumo regular de avellanas puede mejorar la sensibilidad a la insulina, lo cual es beneficioso para personas con diabetes tipo 2.
978			Salud ósea:
979			Calcio y magnesio: Las avellanas contienen minerales esenciales como el calcio y el magnesio, que son importantes para la formación y el mantenimiento de huesos fuertes.
980			Vitamina K: Ayuda en la coagulación sanguínea y la salud ósea.
981			Energía y bienestar general:
982			Ricas en nutrientes: Las avellanas proporcionan una amplia gama de vitaminas y minerales que contribuyen al bienestar general.
983			Fuente de energía: La combinación de grasas saludables, proteínas y carbohidratos en las avellanas las convierte en una excelente fuente de energía.
984			Salud cerebral:
985			Vitamina E: Protege las células del cerebro del daño oxidativo, lo que puede ayudar a prevenir enfermedades neurodegenerativas como el Alzheimer.
986			Magnesio: Ayuda a mantener la función nerviosa adecuada.
987			Consumir avellanas regularmente puede contribuir significativamente a una dieta equilibrada y a una mejor salud en general.
988		media/image50.png	NUEZ DE LA INDIA / CASHEW
989			La nuez de la India, también es conocida como anacardo, cashew o merey.
990			"El anacardo (Anacardium occidentale) es un árbol originario del noreste de Brasil y otras partes de Sudamérica. Se cultiva ampliamente en regiones tropicales, incluyendo India, Vietnam, Nigeria y Costa de Marfil. El árbol puede alcanzar una altura de 5 a 10 metros y produce un fruto compuesto por una ""manzana de anacardo"" y una nuez en forma de riñón adherida a la parte inferior de la manzana."
991	Heading3		Propiedades alimenticias y beneficios para la salud:
992			Los anacardos son una fuente rica en nutrientes y ofrecen numerosos beneficios para la salud:
993			Vitaminas y minerales: Contienen vitaminas B1, B2, B3, B6 y C, así como minerales como calcio, hierro, magnesio, fósforo y potasio.
994			Grasas saludables: Son ricos en grasas monoinsaturadas y poliinsaturadas, que son beneficiosas para la salud cardiovascular.
995			Proteínas: Proporcionan una buena cantidad de proteínas, lo que los convierte en un excelente complemento para dietas vegetarianas y veganas.
996			Antioxidantes: Contienen antioxidantes que ayudan a combatir el estrés oxidativo en el cuerpo.
997	Heading3		Beneficios para la salud:
998			Salud cardiovascular: Las grasas saludables en los anacardos ayudan a reducir el colesterol LDL (colesterol malo) y aumentar el colesterol HDL (colesterol bueno), lo que reduce el riesgo de enfermedades cardíacas.
999			Salud ósea: El calcio y el magnesio presentes en los anacardos son esenciales para la formación y el mantenimiento de huesos fuertes.
1000			Salud digestiva: La fibra dietética en los anacardos mejora la función intestinal y previene el estreñimiento.
1001			Control del azúcar en sangre: A pesar de ser ricos en grasas, tienen un índice glucémico bajo, lo que los hace adecuados para personas con diabetes en cantidades moderadas.
1002	Heading3		Usos y preparaciones:
1003			Los anacardos son extremadamente versátiles y se pueden usar en una variedad de preparaciones culinarias:
1004			En repostería: Perfectos para galletas, muffins y panes.
1005			En ensaladas: Añaden un toque crujiente y nutritivo a las ensaladas verdes o de granos.
1006			En platos salados: Pueden ser usados en platos de arroz, cuscús y guisos para un sabor agridulce.
1007			Como snack: Son un snack saludable por sí solos o mezclados con nueces y otros frutos secos.
1008			www.botanical.online.com
1009			MACADAMIA
1010	Heading3	media/image97.png	Origen y características:
1011			La macadamia es originaria del este de Australia, Nueva Caledonia e Indonesia. Los árboles de macadamia pueden alcanzar hasta 20 metros de altura y tienen hojas coriáceas y brillantes. Las nueces de macadamia son conocidas por su sabor delicado y textura cremosa.
1012	Heading3		Propiedades alimenticias y beneficios para la salud:
1013			Las nueces de macadamia son altamente nutritivas y ofrecen numerosos beneficios para la salud:
1014			Vitaminas y minerales: son ricas en vitamina B1, B2, B3, B6 y E, así como en minerales como calcio, hierro, magnesio, fósforo y potasio.
1015			Grasas saludables: contienen grasas monoinsaturadas y poliinsaturadas, que son beneficiosas para la salud cardiovascular.
1016			Antioxidantes: poseen propiedades antioxidantes que ayudan a combatir el estrés oxidativo en el cuerpo.
1017			Fibra: son una buena fuente de fibra dietética, esencial para una digestión saludable.
1018	Heading3		
1019			Salud cardiovascular: las grasas saludables en las nueces de macadamia ayudan a reducir el colesterol LDL (colesterol malo) y aumentar el colesterol HDL (colesterol bueno), lo que reduce el riesgo de enfermedades cardíacas.
1020			Salud digestiva: la fibra en las nueces de macadamia mejora la función intestinal y previene el estreñimiento.
1021			Control del azúcar en sangre: a pesar de ser ricas en grasas, tienen un índice glucémico bajo, lo que las hace adecuadas para personas con diabetes en cantidades moderadas.
1022			Energía: proporcionan una fuente rápida de energía debido a su contenido de grasas y carbohidratos saludables.
1023	Heading3		Usos y preparaciones:
1024			Las nueces de macadamia son extremadamente versátiles y se pueden usar en una variedad de preparaciones culinarias:
1025			En repostería: Perfectas para galletas, muffins y panes.
1026			En ensaladas: Añaden un toque crujiente y nutritivo a las ensaladas verdes o de granos.
1027			En platos salados: Pueden ser usadas en platos de arroz, cuscús y guisos para un sabor agridulce.
1028			Como snack: Son un snack saludable por sí solas o mezcladas con nueces y otros frutos secos
1029		media/image33.png	NUEZ DE BRASIL
1030			La nuez de Brasil aporta propiedades antioxidantes, antiinflamatorias, cardioprotectoras, neuroprotectoras, antihipertensivas, inmunoestimulantes, antitrombóticas, antiobesidad, cicatrizantes, hipocolesterolémicas y energéticas. Esto se debe a que esta semilla posee diversos compuestos bioactivos como flavonoides, selenio, vitamina E, magnesio, potasio y zinc.
1031	Heading2		Para qué sirve
1032			La nuez de Brasil aporta diversos beneficios para la salud, sirviendo para:
1033	Heading3		1. Proteger la salud del corazón
1034			"La nuez de Brasil es rica en antioxidantes y otros compuestos como el selenio y la vitamina E, los cuales ayudan a disminuir el colesterol LDL ""malo"" y a su vez el riesgo de sufrir enfermedades como la aterosclerosis o prevenir un infarto."
1035			"Además, contiene magnesio, fibras y grasas buenas, como el omega-3, que también favorecen la disminución del colesterol LDL y el aumento del colesterol HDL ""bueno""; así como arginina y resveratrol, sustancias que facilitan la circulación sanguínea, previniendo la trombosis."
1036	Heading3		2. Ayudar a disminuir el riesgo de cáncer
1037			Gracias a su elevado contenido de selenio, vitamina E y flavonoides, la nuez de Brasil podría ayudar a prevenir ciertos tipos de cáncer, principalmente el de pulmón, mama, próstata y colon. Estos compuestos poseen un elevado poder antioxidante, que no solo evitan el daño causado por los radicales libres a las células, sino que también aumentan las defensas del organismo, mejorando así el sistema inmune.
1038	Heading3		3. Mantener la salud del cerebro
1039			La nuez de Brasil, por ser rica en selenio y vitamina E, componentes que le proporcionan propiedades antiinflamatorias y antioxidantes, podría ayudar a mejorar la función cognitiva y prevenir enfermedades como el Alzheimer, Parkinson o la demencia senil, por ejemplo.
1040			Además de esto, el consumo de este fruto seco podría ayudar a mejorar el humor, puesto que la depresión se ha visto asociada con niveles bajos de zinc y de selenio.
1041			4. Favorecer la pérdida de peso
1042			La nuez de Brasil podría favorecer la pérdida de peso, consumida dentro de una dieta saludable y equilibrada, pues ésta aporta selenio, un micronutriente que participa en el metabolismo energético en el hígado, el tejido adiposo blanco y el músculo esquelético, así como en el proceso de termogénesis, es decir, en la quema de grasa, por lo que podría ayudar a combatir la obesidad y las enfermedades metabólicas asociadas.
1043	Heading3		5. Mantener el cabello y uñas saludables
1044			Por ser rico en selenio, zinc, vitamina B, omega-3 y vitamina E, el consumo regular de nuez de Brasil favorece la salud del cabello, de la piel y de las uñas. Estos son nutrientes esenciales para fortalecer el cabello y evitar su caída; favorecer la cicatrización de la piel, prevenir el envejecimiento precoz y la formación de arrugas; y para fortalecer las uñas.
1045	Heading3		6. Reducir la presión alta
1046			Por ser rica en arginina, magnesio, potasio y antioxidantes, el consumo de nuez de Brasil podría favorecer el relajamiento de los vasos sanguíneos, favoreciendo la circulación de la sangre y disminuyendo así la presión arterial alta.
1047	Heading3		7. Fortalecer el sistema inmunitario
1048			La nuez de Brasil también fortalece el sistema inmunitario, debido a que contiene diversos componentes como el selenio, que ayuda a disminuir la inflamación y posee propiedades antioxidantes; además de aportar zinc y vitamina E, que protegen contra infecciones, previniendo así enfermedades como la gripe o el resfriado común.
1049	Heading3		8. Regular la tiroides
1050			El selenio y el zinc son componentes necesarios para la síntesis de hormonas tiroideas. La deficiencia de estos minerales puede causar hipotiroidismo u otras enfermedades de la tiroides y, a pesar de que no está totalmente comprobado, el consumo de la nuez de Brasil podría ayudar a regular la tiroides y beneficiar a las personas que sufren de problemas relacionados con esta glándula.
1051	Heading3		9. Ser una fuente de energía
1052			La nuez de Brasil es rica en grasas principalmente poliinsaturadas y monoinsaturadas, las cuales aportan calorías al organismo para su buen funcionamiento.
1053	Heading3		10. Favorecer el aumento de masa muscular
1054			Además de aportarle energía al organismo, la semilla de Brasil también posee proteínas que favorecen el aumento de la masa muscular, así como el selenio el cual aparentemente también se ha asociado con esta propiedad. Además, también aporta potasio que favorece la recuperación del músculo y previene la formación de calambres durante el ejercicio.
1055			Asimismo, también contiene magnesio un mineral que se ha asociado con el rendimiento muscular, incluyendo fuerza de agarre y potencia en las piernas.
1056	Heading2		Cómo consumirla
1057			Para obtener sus beneficios, se debe consumir 1 nuez de Brasil al día durante al menos 5 días por semana. Por otra parte, es importante no consumir más de 10 al día.
1058			La nuez debe ser almacenada en un sitio fresco y protegido de la luz solar para no perder sus propiedades y puede ser consumida cruda o añadida en trozos, en frutas, batidos, ensaladas, cereales, para hacer pan, tortas y postres.
1059			Además, las nueces de Brasil también se pueden encontrar en forma de harina, que se puede utilizar, junto con la harina de trigo, arroz, avena o centeno, por ejemplo, en recetas como pasteles, panes, galletas, gachas.
1060	Heading2		Posibles efectos secundarios
1061			Por su elevado contenido de selenio, el consumo en exceso de nuez de Brasil (alrededor de 50 nueces) podría causar una intoxicación llamada selenosis, originando síntomas como falta de aire, fiebre, náuseas y mal funcionamiento de órganos, como el hígado, riñones y corazón.
1062			En algunas personas también puede causar alergia, ocasionando síntomas como picor y erupciones en la piel, debiendo acudir a la urgencia médica más cercana en caso de presentar falta de aire, hinchazón de la boca, ojos y nariz y dificultad para respirar. Vea cómo identificar un shock anafiláctico.
1063	Heading2		Contraindicaciones
1064			La nuez de Brasil está contraindicada en personas que sufran alergia a los frutos secos deben evitar su consumo o de alimentos que lo contengan, ya que pueden causar una reacción alérgica grave en el organismo.
1065			https://www.tuasaude.com/es/nuez-de-brasil/
1066			DÁTILES
1067	Heading3		Origen
1068		media/image69.png	Los dátiles son el fruto de la palmera datilera (Phoenix dactylifera), una planta originaria de las regiones desérticas del Medio Oriente y el norte de África. Se han cultivado durante miles de años y son considerados un alimento básico en estas áreas.
1069	Heading3		Características sobresalientes
1070			Sabor y textura: Dulces, con una textura suave y pegajosa.
1071			Variedades: Existen muchas variedades, como Medjool y Deglet Noor, que son muy populares.
1072			Forma: Ovalados, de color marrón oscuro o ámbar, dependiendo de la variedad.
1073	Heading3		Propiedades y beneficios para la salud
1074			Ricos en nutrientes: Contienen carbohidratos, fibra, potasio, magnesio, hierro y vitaminas como la B6.
1075			Antioxidantes: Poseen compuestos como flavonoides y carotenoides que combaten los radicales libres.
1076			Salud digestiva: Su alto contenido de fibra ayuda a prevenir el estreñimiento y mejora la salud intestinal.
1077			Energía natural: Son una excelente fuente de energía rápida gracias a sus azúcares naturales.
1078			Salud ósea: Su contenido de calcio y magnesio contribuye a fortalecer los huesos.
1079			Corazón saludable: Ayudan a regular la presión arterial y reducen el riesgo de enfermedades cardiovasculares.
1080	Heading3		Usos y formas de preparación
1081			Consumo directo: Se pueden comer frescos o deshidratados como snack.
1082			Repostería: Se usan como endulzante natural en pasteles, galletas y barras energéticas.
1083			Batidos: Añade dulzura y nutrientes a los batidos.
1084			Rellenos: Se pueden rellenar con frutos secos o queso para un aperitivo saludable.
1085			Café de dátiles: En algunas regiones, se utiliza para preparar un café sin cafeína
1086			
1087		media/image52.png	MIX DE FRUTOS SECOS
1088			El mix de frutos secos es una combinación de diferentes tipos de frutos como las almendras, nueces, pistachos, avellanas, entre otros. Cada uno de estos frutos aporta un sabor único y una serie de beneficios para la salud.
1089			Los frutos secos no son solo deliciosos snacks, también son fuentes inigualables de nutrientes esenciales. Aquí te presentamos algunos de los beneficios que puedes obtener al incorporar el mix de frutos secos en tu dieta:
1090	Heading3		Rico en nutrientes esenciales
1091			El mix de frutos secos es una excelente fuente de proteínas, grasas saludables, fibra, vitaminas y minerales. Además, son una fuente de antioxidantes, que ayudan a proteger tu cuerpo contra los daños causados por los radicales libres.
1092			Cada fruto seco tiene su propio perfil nutricional. Por ejemplo, las almendras son ricas en vitamina E, un poderoso antioxidante, mientras que las nueces son conocidas por su alto contenido de omega-3. Por su parte, los pistachos son una buena fuente de vitamina B6, necesaria para la salud del cerebro.
1093			En este enlace conocerás todos los beneficios de los frutos secos.
1094	Heading3		Mejora la salud del corazón
1095			Gracias a su alto contenido en grasas insaturadas, el mix de frutos secos puede ayudarte a mantener a raya el colesterol malo y aumentar el bueno, lo cual es beneficioso para la salud de tu corazón.
1096	Heading3		
1097	Heading3		Favorece la salud cerebral
1098			Algunos frutos secos como las nueces y las almendras, son ricos en grasas omega-3 y antioxidantes, que pueden ayudar a mejorar la salud cerebral y potenciar la memoria.
1099	Heading3		Ayuda a controlar el peso
1100			A pesar de su alto contenido calórico, los frutos secos pueden ayudarte a mantener tu peso en equilibrio, gracias a su alto contenido de fibra y proteínas, que te ayudan a sentirte saciado y evitan los picoteos entre comidas.
1101			FRUTOS DESHIDRATADOS
1102			El proceso de deshidratación elimina la mayor parte del agua de las frutas, lo que permite conservarlas por más tiempo. Existen varios métodos:
1103			Secado al sol: Método tradicional, ideal para climas cálidos y secos.
1104			Hornos deshidratadores: Utilizan calor controlado para evaporar el agua.
1105			Liofilización: Congela la fruta y elimina el agua mediante sublimación, conservando mejor los nutrientes.
1106	Heading3		Características sobresalientes
1107			Concentración de nutrientes: Al eliminar el agua, los nutrientes como fibra, vitaminas y minerales se concentran.
1108			Textura y sabor: Suelen ser más dulces y masticables que las frutas frescas.
1109			Durabilidad: Tienen una vida útil más larga, ideales para almacenamiento.
1110	Heading3		Propiedades y beneficios para la salud
1111			Ricas en fibra: Ayudan a mejorar la digestión y prevenir el estreñimiento.
1112			Fuente de energía: Su alto contenido de azúcares naturales las hace ideales para deportistas.
1113			Antioxidantes: Contienen compuestos que combaten los radicales libres.
1114			Minerales esenciales: Aportan hierro, potasio y magnesio, beneficiosos para la salud ósea y cardiovascular.
1115	Heading3		Usos
1116			Snacks saludables: Ideales para consumir entre comidas.
1117			Repostería: Se utilizan en pasteles, galletas y barras energéticas.
1118			Cocina salada: Añaden un toque dulce a ensaladas y platos principales.
1119			Mermeladas y salsas: Se pueden rehidratar y usar como base para preparaciones.
1120			Entre los frutos/as deshidratados/as que disponemos son: uvilla, mora, piña, manzana, mango, pitahaya, banana, naranjilla, naranja, kiwy, limón, guayaba, fresa, cáscara de naranja.
1121		media/image26.png	DAMASCO DESHIDRATADO
1122			El damasco deshidratado, también conocido como albaricoque seco, es una fruta rica en nutrientes y beneficios para la salud.
1123	Heading3		Características y Propiedades
1124			Rico en nutrientes esenciales: Contiene vitaminas A, C y varias del grupo B (como B1, B2 y B6), además de minerales como potasio, hierro, calcio y fósforo.
1125			Fuente de antioxidantes: Su contenido en betacarotenos y vitamina A ayuda a combatir los radicales libres, retrasando el envejecimiento celular.
1126			Alto contenido en fibra: Favorece la salud digestiva al prevenir el estreñimiento y mejorar el tránsito intestinal.
1127	Heading3		Propiedades en la Alimentación
1128			Energía natural: Es una excelente fuente de carbohidratos saludables, ideal como snack para deportistas o personas activas.
1129			Versatilidad culinaria: Se puede consumir solo, en granolas, ensaladas, postres o como ingrediente en recetas saladas.
1130			Bajo en grasas: Aporta proteínas vegetales y es bajo en grasas, lo que lo hace adecuado para dietas equilibradas.
1131	Heading3		Usos en la Salud Humana
1132			Mejora la salud ocular: La vitamina A contribuye a mantener una buena visión y prevenir enfermedades como la degeneración macular.
1133			Fortalece el sistema inmunológico: Gracias a su contenido en vitamina C y antioxidantes.
1134			Beneficia la piel: Promueve la regeneración celular y combate problemas cutáneos.
1135			Apoya la salud cardiovascular: Su contenido en potasio ayuda a regular la presión arterial y mantener un corazón saludable.
1136	Heading3		Preparación y Recomendaciones
1137			Preparación casera: Los damascos frescos se pueden deshidratar en casa usando un deshidratador o un horno a baja temperatura. Es importante lavarlos, cortarlos y asegurarse de que queden flexibles pero secos.
1138			Consumo moderado: Aunque es saludable, su contenido en azúcares naturales puede ser alto, por lo que se recomienda consumirlo con moderación, especialmente en personas con diabetes.
1139			Almacenamiento: Guardar en frascos herméticos para mantener su frescura y evitar la humedad.
1140			www.ehowenespanol.com
1141			www.saludresponde.org
1142			
1143		media/image30.png	HIGO TURCO
1144			El higo turco proviene de la higuera (Ficus carica), un árbol originario de Asia Menor, específicamente de la región de Anatolia, en la actual Turquía. Es una de las frutas más antiguas cultivadas por la humanidad, con una historia que se remonta a miles de años. Turquía sigue siendo uno de los principales productores de higos en el mundo.
1145	Heading3		Características y Propiedades
1146			Rico en nutrientes: Contiene vitaminas como la C, K y del grupo B, además de minerales como calcio, potasio, magnesio y hierro.
1147			Fuente de antioxidantes: Posee compuestos fenólicos, flavonoides y antocianinas que ayudan a combatir los radicales libres.
1148			Alto contenido en fibra: Favorece la salud digestiva y previene el estreñimiento.
1149			Bajo en grasas: Ideal para dietas equilibradas y saludables.
1150	Heading3		Propiedades en la Alimentación
1151			Energía natural: Los higos deshidratados son una fuente concentrada de carbohidratos, ideales para deportistas o como snack saludable.
1152			Versatilidad culinaria: Se pueden consumir solos, en ensaladas, postres, mermeladas o como ingrediente en platos salados.
1153			Aporte nutricional: Su riqueza en nutrientes los convierte en un complemento ideal para una dieta balanceada.
1154	Heading3		Usos en el Mejoramiento de la Salud Humana
1155			Salud digestiva: Gracias a su contenido en fibra, mejora el tránsito intestinal y previene problemas digestivos.
1156			Salud cardiovascular: El potasio ayuda a regular la presión arterial y protege el corazón.
1157			Propiedades antioxidantes: Previenen el envejecimiento celular y reducen el riesgo de enfermedades crónicas.
1158			Fortalecimiento óseo: Su contenido en calcio y magnesio contribuye a la salud de los huesos.
1159	Heading3		Preparación y Recomendaciones
1160			Preparación casera: Los higos frescos se pueden deshidratar en casa utilizando un horno o deshidratadora. Es importante lavarlos, cortarlos y secarlos a baja temperatura para conservar sus nutrientes.
1161			Consumo moderado: Aunque son saludables, su contenido en azúcares naturales es alto, por lo que se recomienda consumirlos con moderación, especialmente en personas con diabetes.
1162			Almacenamiento: Guardar en un lugar fresco y seco para mantener su frescura y evitar la humedad
1163			www.bonviveurs.com    www.ecologiaverde.com
1164			
1165			HIERBAS MEDICINALES
1166			ESPIRULINA
1167			La espirulina es un alga unicelular azul verdosa famosa por ser una fuente importante de proteínas, vitaminas y minerales, por lo que destaca por su alto valor nutritivo. Además, tiene un efecto saciante.
1168			Generalmente se utiliza de forma desecada, en polvo o en forma de tabletas, aunque también se puede obtener en fresco. Es muy utilizada como complemento dietético y nutricional, especialmente por parte de deportistas y de personas interesadas en bajar de peso .
1169			Con frecuencia se habla de ella como superalimento, pero los especialistas en nutrición y dietética desaconsejan el uso de este término, ya que una dieta saludable no se basa en alimentos concretos, sino en la combinación adecuada de productos con distintos nutrientes.
1170			Propiedades de la espirulina
1171			Esta micro alga da al organismo un aporte importante de vitaminas y minerales, aunque también puede tener efectos adversos. Según el Grupo de complementos de la Vocalía de Alimentación del COF de Barcelona, la espirulina destaca por las siguientes propiedades:
1172			Proteínas: tiene una proporción de proteínas superior a la de otras fuentes, proporcionando un 65 por ciento de éstas al organismo.
1173			Fácil digestión: la espirulina carece de celulosa, lo que hace que sea más fácil de digerir, incluso para las personas con mala absorción intestinal.
1174			Lípidos: los ácidos grasos esenciales ocupan una importante proporción en la composición de la espirulina..
1175			Minerales: la espirulina tiene una cantidad relevante de potasio, magnesio, calcio, zinc, manganeso, selenio, hierro y fósforo.
1176			Vitaminas: la espirulina contiene una alta cantidad de vitaminas diversas como por ejemplo la vitamina E y otros elementos que destacan por sus propiedades antioxidantes, betacaroteno y todas las vitaminas del grupo B. Sin embargo, la vitamina B12 que aporta no es biodisponible para humanos, por lo que no sirve para sustituir la suplementación que requieren los veganos y vegetarianos.
1177			Pigmentos: posee pigmentos en altas cantidades que podrían tener efectos antioxidantes y antiinflamatorios.
1178			Alto contenido en ácidos grasos poliinsaturados.
1179		media/image37.png	TÉ MATCHA
1180			El té matcha es un tipo de té verde en polvo. Es originario de China y muy popular en Japón, donde se ofrece incluso a través de grifos. Se toma tradicionalmente en países del este de Asia, pero su consumo se ha extendido a todo el mundo.
1181	Heading2		¿De dónde proviene el té matcha y de qué está hecho?
1182			Este producto se obtiene a través de un proceso artesanal. Se empieza recolectando hojas de té verde, se extienden sobre una superficie para secarlas, se someten a un baño de vapor y se separan de los tallos. Después hay que molerlas hasta lograr un polvo fino de color verde.
1183	Heading2		¿Para qué sirve el té matcha?
1184			"Matcha & CO indica que este té ""proporciona energía sin el nerviosismo que crea el café y otras bebidas excitantes"". Además, ayuda a disminuir la ansiedad y relajar la mente."
1185	Heading2		¿Qué propiedades tiene el té matcha?
1186			El té matcha es conocido por sus propiedades antioxidantes, entre otras. Aporta vitaminas A, B2, C, D, E y K, proteínas, clorofila y minerales como el calcio, el hierro y el potasio. Su composición también incluye cafeína y aminoácidos, entre los que sobresale la L-teanina.
1187	Heading2		Beneficios del té matcha
1188			Los componentes del té matcha aportan varios beneficios al organismo:
1189			Suministra energía evitando el nerviosismo.
1190			Puede reducir la ansiedad y el estrés.
1191			Mejora el estado de la piel, las uñas y los tejidos.
1192			Ayuda a concentrarse.
1193			Aumenta la memoria.
1194			Regula los niveles de azúcar en sangre.
1195			Protege frente a problemas cardiovasculares.
1196			Evita la retención de líquidos.
1197			Previene el mal aliento y las caries.
1198			Acelera el metabolismo y la quema de grasas.
1199			
1200			¿A qué hora se toma el té matcha?
1201			Puedes tomar una taza de té matcha por la mañana en lugar de una taza de café para ayudarte a combatir el sueño. También se recomienda beberlo antes de hacer ejercicio para contribuir a perder peso de manera más rápida.
1202			¿A qué sabe el té matcha?
1203			El sabor de este té puede variar según su calidad. Por norma general, un buen té matcha tiene un sabor suave y ligeramente dulce, que puede recordar a algunas verduras o a la hierba fresca. El té matcha de baja calidad presenta un sabor amargo.
1204			¿Cómo se prepara el té matcha?
1205			Además del producto, necesitarás agua caliente, un batidor de bambú, una cuchara medidora, un bol y un colador. Estos son los pasos a seguir:
1206			Coge un gramo de té matcha.
1207			Pasa el polvo con un colador.
1208			Añade 60 mililitros de agua a 70 u 80 grados.
1209			Bate la mezcla hasta crear espuma.
1210		media/image83.png	ROMERO MOLIDO
1211			Más allá de su función como sazonador -ya sea fresco o seco-, esta hierba también es ideal para la elaboración de  infusiones y aceites corporales.
1212			Posee cualidades antioxidantes y antiinflamatorias, ya que ayuda a regular la circulación de la sangre y oxigena las células.
1213			Ayuda a combatir infecciones bacterianas.
1214			Es un alimento idóneo contra problemas respiratorios y digestivos.
1215		media/image9.png	También se puede usar como relajante muscular y se le atribuyen cualidades contra la calvicie y el cuidado del pelo. Su uso más normal como tónico es a través del alcohol con romero.
1216			TOMILLO MOLIDO
1217			El tomillo molido se obtiene de la molienda de las hojas secas, sanas y limpias del Thymus vulgaris. Es uno de los condimentos fundamentales de la cocina Mediterránea por su versatilidad. Su sabor picante, incorpora notas de clavo de olor, alcanfor y menta, que lo hacen insustituible en la cocina tradicional.
1218			El tomillo molido es una especia versátil que tiene su origen en la hierba del tomillo. Es un pariente cercano de la menta y tiene un sabor fuerte y terroso, además de un ligero toque dulce, lo que lo convierte en un complemento perfecto para cualquier plato que necesite un toque de personalidad. Lo apreciarás en platos de carne, guisos y sopas por su toque picante.
1219			
1220		media/image57.png	ORÉGANO MOLIDO
1221			El orégano es una hierba muy versátil que se utiliza comúnmente como condimento en diversas cocinas alrededor del mundo.
1222			Aquí tienes algunas maneras de cómo se utiliza:
1223			Usos Culinarios
1224			Salsas y guisos: Se utiliza en salsas de tomate y guisos para agregar un sabor fresco y aromático. Es un ingrediente esencial en la salsa marinara italiana.
1225			Pizzas: Es un condimento clásico para pizzas, añadiendo un toque de sabor distintivo.
1226			Carnes y Pescados: Se puede espolvorear sobre carnes y pescados antes de asarlos o cocinarlos a la parrilla.
1227			Ensaladas: Las hojas de orégano frescas o secas pueden ser añadidas a ensaladas para un toque aromático.
1228			Sopas: Se utiliza para dar sabor a sopas y caldos.
1229			Aliños y Aderezos: Se mezcla con otros condimentos y hierbas para hacer aliños y aderezos para ensaladas
1230	Heading3		Propiedades
1231			El orégano molido tiene varias propiedades beneficiosas:
1232			Antioxidante: Ayuda a neutralizar los radicales libres y proteger las células del daño.
1233			Antimicrobiano: Actúa contra bacterias y hongos.
1234			Antiinflamatorio: Reduce la inflamación en el cuerpo.
1235			Digestivo: Favorece la producción de bilis y mejora la digestión.
1236			Antiespasmódico: Alivia los espasmos musculares.
1237			Antifúngico: Ayuda a combatir infecciones fúngicas.
1238	Heading3		Usos Medicinales
1239			Problemas digestivos: Se utiliza para tratar la mala digestión, el gas y los cólicos abdominales.
1240			Problemas respiratorios: Alivia la congestión nasal y la tos.
1241			Infecciones: Ayuda a combatir infecciones bacterianas y fúngicas.
1242			Dolores musculares y articulares: Puede aliviar dolores musculares y articulares debido a sus propiedades antiinflamatorias.
1243	Heading3		Preparación
1244			Infusión: Se pueden utilizar las hojas secas para hacer una infusión. Hierve una cucharada de hojas secas en una taza de agua durante 10-15 minutos.
1245			Té de Orégano: Puedes preparar un té con hojas frescas o secas. Hierve una cucharada de hojas en una taza de agua durante 10 minutos y cuela antes de beber.
1246			Compresas: Aplica aceite esencial de orégano en una gasa y colócala sobre la piel para aliviar dolores musculares y articulares
1247		media/image54.png	MORINGA
1248			La Moringa oleifera es una planta llamada a menudo el árbol milagroso, el árbol de la vida. La moringa contiene muchos compuestos saludables como: vitamina A,
1249			vitamina B1 (tiamina), B2 (riboflavina), B3 (niacina), B6, folato y ácido ascórbico (vitamina C), calcio, potasio, hierro, magnesio, fósforo, zinc. También es extremadamente baja en grasas y no contiene colesterol dañino.
1250			¿Cuáles son los beneficios?
1251			Se cree que la moringa tiene muchos beneficios y sus usos van desde la salud y la belleza hasta ayudar a prevenir y curar enfermedades. Los beneficios de la moringa incluyen:
1252			1. Proteger y nutrir la piel y el cabello
1253			El aceite de semilla de moringa es beneficioso para proteger el cabello contra los radicales libres y mantenerlo limpio y saludable. La moringa también contiene proteínas, lo que significa que es útil para proteger las células de la piel de daño. También contiene elementos hidratantes y desintoxicantes, que potencian la piel y el cabello.
1254			Puede tener buenos resultados curando infecciones y llagas de la piel.
1255			2. Tratar un edema
1256			El edema es una afección dolorosa en la que se acumula líquido en tejidos específicos del cuerpo. Las propiedades antiinflamatorias de la moringa pueden ser efectivas para prevenir el desarrollo de edemas.
1257			3. Proteger el hígado
1258			La moringa parece proteger el hígado contra el daño causado por los fármacos antituberculosos y puede acelerar su proceso de reparación.
1259			4. Prevenir y tratar el cáncer
1260			Los extractos de la moringa contienen propiedades que podrían ayudar a prevenir el desarrollo del cáncer. También contiene niazimicina, que es un compuesto que suprime el desarrollo de células cancerosas.
1261			5. Tratar molestias estomacales
1262			Los extractos de moringa podrían ayudar a tratar algunos trastornos estomacales, como la constipación, la gastritis y la colitis ulcerosa. Las propiedades antibióticas y antibacterianas de la moringa pueden ayudar a inhibir el crecimiento de varios patógenos, y su alto contenido de vitamina B ayuda a la digestión.
1263			6. Luchar contra las enfermedades bacterianas
1264			Las propiedades antibacterianas, antimicóticas y antimicrobianas de los extractos de moringa pueden combatir las infecciones causadas por Salmonella, Rhizopus y E. coli.
1265			7. Hacer que los huesos sean más sanos
1266			La moringa también contiene calcio y fósforo, que ayudan a mantener los huesos sanos y fuertes. Junto con sus propiedades antiinflamatorias, el extracto de moringa podría ayudar a tratar afecciones como la artritis y también puede curar huesos dañados.
1267			8. Tratar los trastornos del estado de ánimo
1268			Se cree que la moringa es útil para tratar la depresión, la ansiedad y la fatiga.
1269			9. Proteger el sistema cardiovascular
1270			Los antioxidantes poderosos que se encuentran en el extracto de moringa podrían ayudar a prevenir el daño cardíaco y también se ha demostrado que mantienen el corazón saludable.
1271			
1272			10. Ayudar a cicatrizar las heridas
1273			Se ha demostrado que el extracto de moringa ayuda a cerrar las heridas y a reducir la aparición de cicatrices.
1274			11. Tratar la diabetes
1275			La moringa ayuda a reducir la cantidad de glucosa en sangre, así como el azúcar y las proteínas en la orina. Esto mejoró los niveles de hemoglobina y el contenido total de proteínas en las personas analizadas.
1276			12. Tratar el asma
1277			La moringa puede ayudar a reducir la gravedad de algunos ataques de asma y proteger contra las constricciones bronquiales. También se ha demostrado que ayuda a mejorar la función pulmonar y la respiración en general.
1278			13. Proteger contra los trastornos renales
1279			Las personas pueden ser menos propensas a desarrollar cálculos en los riñones, la vejiga o el útero al consumir extracto de moringa. La moringa contiene altos niveles de antioxidantes que pueden ayudar a disminuir los niveles de toxicidad en los riñones.
1280			14. Reducir la presión arterial alta
1281			La moringa contiene isotiocianato y niaziminina, compuestos que ayudan a detener el engrosamiento de las arterias, lo que puede hacer que la presión arterial aumente.
1282			15. Mejorar la salud de los ojos
1283			La moringa contiene propiedades que mejoran la vista gracias a sus altos niveles de antioxidantes. La moringa puede detener la dilatación de los vasos de la retina, prevenir el engrosamiento de las membranas capilares e inhibir la disfunción de la retina.
1284			16. Tratar la anemia y la enfermedad de células falciformes
1285			La moringa podría ayudar al cuerpo de una persona a absorber más hierro, aumentando así su conteo de glóbulos rojos. Se cree que el extracto de la planta es muy útil para tratar y prevenir la anemia y la enfermedad de células falciformes.
1286			Hojas: Son ricas en vitaminas (A, B, C), minerales como calcio, hierro, potasio y magnesio, además de antioxidantes como flavonoides y polifenoles
1287			Hojas:
1288			Refuerzan el sistema inmunológico gracias a su alto contenido de antioxidantes.
1289			Ayudan a reducir la inflamación y el estrés oxidativo.
1290			Contribuyen al control de la glucosa en sangre, siendo útiles para personas con diabetes
1291			Hojas:
1292			En infusiones: Se secan y se hierven para preparar té.
1293			En polvo: Se muelen y se añade a batidos, sopas o ensaladas.
1294			Frescas: Se pueden consumir como parte de ensaladas o guisos
1295		media/image43.png	LAUREL
1296			Las hojas de laurel (Laurus nobilis), son originarias de la región mediterránea, son conocidas tanto por sus propiedades medicinales como por su uso culinario.
1297	Heading3		Características
1298			Apariencia: Hojas perennes de color verde oscuro, con un aroma distintivo.
1299			Composición: Contienen antioxidantes (flavonoides y polifenoles), vitaminas (A, C y del grupo B), minerales como calcio, potasio y magnesio, y aceites esenciales.
1300	Heading3		Propiedades medicinales
1301			Digestivas: Estimulan el apetito, mejoran la digestión y ayudan a aliviar problemas como gases o indigestión.
1302			Antiinflamatorias: Útiles para reducir dolores articulares y musculares.
1303			Antioxidantes: Combaten los radicales libres, ayudando a prevenir el envejecimiento celular y enfermedades crónicas.
1304			Expectorantes: Facilitan la expulsión de mucosidad en casos de resfriados, bronquitis o faringitis.
1305			Antibacterianas y antifúngicas: Ayudan a desinfectar heridas y prevenir infecciones.
1306	Heading3		Usos culinarios:
1307			Aromatizante: Se utilizan para dar sabor a sopas, guisos, arroces y salsas.
1308			Conservación: Sus propiedades antimicrobianas ayudan a preservar alimentos.
1309	Heading3		Preparación:
1310			Infusión medicinal: Hervir 2-3 hojas en agua durante 10 minutos. Beber para aliviar problemas digestivos o respiratorios.
1311			Aceite esencial: Se utiliza para masajes en zonas adoloridas o inflamadas.
1312			Cocina: Añadir hojas enteras a los platos durante la cocción y retirarlas antes de servir.
1313			Propiedades medicinales
1314			Digestivo: Estimula el apetito, las secreciones digestivas y los movimientos intestinales.
1315			Antiinflamatorio: Reduce la inflamación y ayuda a prevenir enfermedades cardiovasculares.
1316			Antiséptico y expectorante: Alivia la bronquitis y los síntomas de la gripe.
1317			Diurético: Favorece la eliminación de líquidos y reduce la retención de agua.
1318			Antioxidante: Contiene ácidos grasos insaturados y sustancias con acción antioxidante como la vitamina A.
1319			Usos culinarios
1320			Se utiliza tanto como planta medicinal como en la cocina.
1321			Lo habitual es utilizar sus hojas enteras e incorporarlas tanto a los guisos como en las carnes y pescados.
1322			Precauciones
1323			No es recomendable en mujeres embarazadas o en periodo de lactancia.
1324			En cantidades excesivas, el laurel puede causar somnolencia, alteraciones gastrointestinales, cólicos abdominales y dolor de cabeza.
1325			Puede disminuir mucho los niveles de azúcar en la sangre, causando hipoglucemia.
1326			
1327		media/image13.png	ALBAHACA
1328			La albahaca (Ocimum basilicum), conocida por su aroma distintivo y su versatilidad, es una planta con múltiples beneficios medicinales y culinarios. Aquí tienes un resumen basado en información confiable:
1329	Heading3		Características
1330			Apariencia: Hojas verdes, ovaladas y ligeramente dentadas, con un aroma dulce y especiado.
1331			Composición: Rica en aceites esenciales (eugenol, linalol), flavonoides, taninos, vitaminas (A, C, K) y minerales como calcio, hierro y magnesio.
1332	Heading3		Propiedades medicinales
1333			Digestivas: Alivia problemas como indigestión, gases y cólicos estomacales.
1334			Antiinflamatorias: Reduce inflamaciones y dolores articulares.
1335			Antioxidantes: Combate los radicales libres, ayudando a prevenir el envejecimiento celular.
1336			Relajantes: Ayuda a reducir el estrés, la ansiedad y mejora el sueño.
1337			Respiratorias: Útil para aliviar síntomas de resfriados, bronquitis y asma.
1338	Heading3		Usos culinarios
1339			Aromatizante: Se utiliza en salsas, ensaladas, sopas y platos de pasta.
1340			Pesto: Es el ingrediente principal de esta famosa salsa italiana.
1341			Fresca o seca: Puede añadirse a los alimentos para realzar su sabor.
1342	Heading3		Preparación en infusión o tisana
1343			Colocar de 5-6 hojas frescas de albahaca (o 1 cucharadita de hojas secas) en
1344			1 taza de agua. Se hierve el agua y añade las hojas de albahaca, dejando hervir durante 3-5 minutos, luego se procede a retirar del fuego, tapar y dejar reposar por 5 minutos, finalmente se cuela o cierne la infusión y, si se desea, se endulza con miel o stevia.
1345			Consumo: Ideal para aliviar problemas digestivos, reducir el estrés o simplemente disfrutar de su sabor relajante.
1346			La albahaca es una planta aromática con muchas propiedades medicinales y culinarias. Es rica en nutrientes como vitaminas, minerales, antioxidantes y aceites esenciales.
1347			Características
1348			Es una planta herbácea anual que puede llegar a medir 50 cm de altura.
1349			Sus hojas son opuestas y pueden variar en tamaño y forma.
1350			Sus flores se agrupan en racimos de hasta 20 cm de largo.
1351			La corola puede ser blanca o violácea.
1352			Beneficios para la salud
1353			Puede ayudar a reducir la ansiedad y el estrés.
1354			Puede ayudar a mejorar la función respiratoria y reducir los síntomas de resfriados y gripe.
1355			Puede ayudar a mejorar la respuesta del sistema inmunitario a las infecciones víricas.
1356			Puede ayudar a reducir la inflamación y el dolor articular.
1357			Puede ayudar a mejorar la salud cardiovascular.
1358			Puede ayudar a mejorar la digestión.
1359			Puede ayudar a reducir el colesterol.
1360			Puede ayudar a prevenir síntomas de diabetes y reducir el azúcar en sangre.
1361			Puede ayudar a proteger el estómago.
1362			Usos culinarios
1363			Se utiliza principalmente para condimentar ensaladas, pizzas y platos de pasta.
1364			Se puede utilizar para hacer salsas, rebozar, etc.
1365			Se puede consumir en té.
1366			Sí, aunque la albahaca (Ocimum basilicum) es generalmente segura cuando se consume en cantidades normales, existen algunas contraindicaciones y posibles efectos secundarios que es importante tener en cuenta:
1367	Heading3		Contraindicaciones
1368			Embarazo y lactancia: El consumo excesivo de albahaca está contraindicado durante el embarazo, ya que contiene estragol, un compuesto que podría inducir contracciones uterinas. También se recomienda evitarla durante la lactancia, ya que sus componentes podrían pasar al bebé a través de la leche materna2.
1369			Niños pequeños: Los niños menores de 2 años deben evitar el consumo de albahaca en grandes cantidades, ya que su organismo es más sensible a los compuestos activos de la planta.
1370			Interacciones con medicamentos: La albahaca puede potenciar el efecto de medicamentos anticoagulantes, antihipertensivos o hipoglucemiantes, lo que podría causar efectos adversos como hemorragias, hipotensión o hipoglucemia.
1371			Alergias: Algunas personas pueden ser alérgicas a la albahaca, lo que podría provocar reacciones como irritación o inflamación.
1372	Heading3		Efectos secundarios
1373			Toxicidad por consumo excesivo: Ingerir grandes cantidades de albahaca puede causar efectos adversos debido a su contenido de aceites esenciales, como náuseas, vómitos o mareos.
1374			Riesgo de hemorragias: Debido a su efecto anticoagulante, no se recomienda consumir albahaca antes de una cirugía o en el postoperatorio
1375			UÑA DE GATO
1376		media/image56.png	La uña de gato (Uncaria tomentosa), una planta trepadora originaria de la Amazonía, es conocida por sus propiedades medicinales y su uso en la medicina tradicional.
1377	Heading3		Características
1378			Apariencia: Planta enredadera con tallos leñosos y espinas curvas que recuerdan a las uñas de un gato.
1379			Composición química: Rica en alcaloides oxindólicos, flavonoides, taninos y compuestos antioxidantes.
1380			Partes utilizadas: Corteza, raíces y hojas, aunque la corteza es la más común en aplicaciones medicinales.
1381	Heading3		Propiedades medicinales
1382			Antiinflamatorias: Ayuda a reducir inflamaciones internas y externas, siendo útil en casos de artritis y artrosis.
1383			Inmunoestimulantes: Refuerza el sistema inmunológico al promover la producción de glóbulos blancos.
1384			Antioxidantes: Combate los radicales libres, previniendo el envejecimiento celular y enfermedades crónicas.
1385			Antimicrobianas: Efectiva contra bacterias, hongos y virus.
1386			Propiedades anticancerígenas: Algunos estudios sugieren que puede inhibir el crecimiento de células cancerígenas, aunque se necesitan más investigaciones.
1387	Heading3		
1388	Heading3		Otros usos
1389			Cuidado digestivo: Alivia problemas como gastritis y colitis.
1390			Cuidado de la piel: Se utiliza en heridas y afecciones cutáneas por sus propiedades antimicrobianas.
1391	Heading3		Preparación
1392			Se pesa 10 gramos de corteza de uña de gato y 1 litro de agua.
1393			Instrucciones: Hervir la corteza en agua durante 10-15 minutos. Dejar reposar, colar y consumir una taza al día.
1394			Es importante consultar a un médico antes de usarla, especialmente si estás embarazada, lactando o tomando medicamentos.
1395		media/image116.png	VALERIANA
1396			La valeriana es originaria de Europa y algunas regiones de Asia, aunque también se encuentra naturalizada en América del Norte. Su uso medicinal se remonta a la antigua Grecia, donde Hipócrates describió sus propiedades, y Galeno la recomendó como remedio para el insomnio.
1397	Heading3		Características y Propiedades
1398			Características botánicas: Es una planta perenne que puede alcanzar hasta 2 metros de altura. Tiene un tallo hueco y erguido, hojas pinnadas y flores pequeñas de color blanco o rosado4.
1399			Composición química: Contiene compuestos como ácidos valerénico e isovalérico, valepotriatos, aceites esenciales y trazas de alcaloides. Estos componentes son responsables de sus efectos sedantes y relajantes.
1400	Heading3		Propiedades y Usos en la Salud Humana
1401			Relajante natural: Se utiliza para tratar el insomnio, la ansiedad y el estrés, ya que actúa sobre el sistema nervioso central aumentando la actividad del neurotransmisor GABA6.
1402			Relajante muscular: Ayuda a aliviar tensiones musculares y cólicos, incluyendo los menstruales.
1403			Hipotensora: Puede contribuir a reducir la presión arterial en casos de hipertensión nerviosa.
1404			Otros beneficios: Se ha usado para tratar migrañas, taquicardias y síntomas de la menopausia.
1405	Heading3		Preparación como Infusión o Tizana
1406			Infusión de hojas o raíz:
1407			Hierve una taza de agua.
1408			Añade una cucharadita de raíz o hojas secas de valeriana.
1409			Deja reposar durante 5-10 minutos.
1410			Cuela y endulza con miel si lo deseas.
1411			Recomendaciones: Se puede tomar una o dos veces al día, preferiblemente por la noche para favorecer el sueño. No se recomienda su uso prolongado sin supervisión médica
1412			Cómo se toma la valeriana
1413			La parte que generalmente se usa de la valeriana es la raíz, de la cual se extraen sus sustancias activas, pudiendo ser consumida en forma de té o cápsulas.
1414			Las principales formas de usar la valeriana incluyen:
1415			1. Té de valeriana
1416			Para preparar el té de valeriana, se aconseja solo el uso de las raíces secas, ya que es la parte de la planta que contiene todas las propiedades beneficiosas para la salud.
1417			Ingredientes:
1418			1 cucharada de raíz seca de valeriana;
1419			300 ml de agua hirviendo.
1420			Modo de preparación:
1421			Agregar la raíz seca de valeriana en el agua hirviendo, tapar y dejar reposar de 10 a 15 minutos. Luego, colar y beber de 30 a 45 minutos antes de acostarse.
1422			Este té no debe ser ingerido por mujeres embarazadas ni por niños menores de 3 años. Además, no debe excederse el consumo de 2 tazas de té por día, ya que puede provocar el efecto contrario, causando agitación e insomnio.
1423			
1424		media/image122.png	TORONJIL
1425			El toronjil, conocido científicamente como Melissa officinalis, es una planta medicinal originaria de la cuenca del Mediterráneo. También se le llama melisa, limoncillo o hoja de limón debido a su característico aroma cítrico.
1426	Heading3		Propiedades medicinales
1427			El toronjil es rico en compuestos fenólicos, flavonoides y aceites esenciales como el citral, citronelal y geraniol. Estas sustancias le otorgan propiedades calmantes, sedantes, antiespasmódicas, analgésicas, antiinflamatorias y antioxidantes.
1428			Entre sus beneficios más destacados están:
1429			Aliviar el estrés y la ansiedad: Su contenido de ácido rosmarínico ayuda a aumentar la actividad de neurotransmisores como el GABA, promoviendo la relajación.
1430			Mejorar la calidad del sueño: Es útil para combatir el insomnio y mejorar el descanso.
1431			Aliviar dolores de cabeza y musculares: Gracias a sus propiedades relajantes y antiinflamatorias.
1432			Mejorar la digestión: Ayuda a reducir gases y molestias estomacales.
1433	Heading3		Usos y formas de preparación
1434			El toronjil puede utilizarse de diversas maneras:
1435			Infusión o té: Se hierven sus hojas en agua durante unos minutos. Es ideal para relajarse o aliviar problemas digestivos.
1436			Aceites esenciales: Usados en aromaterapia para reducir el estrés y mejorar el estado de ánimo.
1437			Extractos o cápsulas: Disponibles en herbolarios para un uso más concentrado.
1438			Aplicaciones tópicas: En forma de cremas o ungüentos para aliviar dolores musculares
1439			
1440			
1441			
1442		media/image77.png	TILO
1443			El tilo, conocido científicamente como Tilia spp., es un árbol originario de Europa y Asia, aunque también se encuentra en América del Norte. Ha sido valorado desde la Edad Media por sus propiedades medicinales y su agradable aroma.
1444	Heading3		Propiedades medicinales
1445			El tilo contiene flavonoides, aceites esenciales, taninos y mucílagos, que le otorgan diversas propiedades terapéuticas:
1446			Sedante y ansiolítico: Ayuda a calmar la ansiedad y el insomnio, con efectos similares a los de algunos medicamentos como el diazepam.
1447			Antiespasmódico: Alivia contracciones musculares y espasmos.
1448			Antiinflamatorio y antioxidante: Protege contra el daño celular y reduce inflamaciones.
1449			Digestivo: Mejora la digestión y alivia molestias estomacales.
1450			Hepatoprotector: Favorece el funcionamiento del hígado y la vesícula biliar.
1451	Heading3		Usos y formas de preparación
1452			Infusión: Las flores secas del tilo se utilizan para preparar té, ideal para relajarse o aliviar síntomas de resfriado.
1453			Baños relajantes: Se puede añadir una infusión concentrada al agua del baño para reducir el estrés.
1454			Cápsulas o extractos: Disponibles en herbolarios para un uso más concentrado.
1455			Aplicaciones tópicas: En forma de cremas para aliviar dolores musculares o hidratar la piel.
1456			El tilo es una planta versátil y segura, aunque se recomienda usarla con moderación y consultar a un especialista en caso de condiciones médicas específicas.
1457			¿Cómo preparar correctamente el té de tilo?
1458			Preparar té de tilo es sencillo y efectivo para disfrutar de sus propiedades relajantes. Aquí tienes una guía paso a paso:
1459	Heading3		Ingredientes:
1460			1 cucharadita de flores secas de tilo (aproximadamente 2-3 gramos).
1461			1 taza de agua (250 ml).
1462			Miel o limón al gusto (opcional).
1463	Heading3		Instrucciones:
1464			Hervir el agua: Lleva la taza de agua a ebullición en una olla o tetera.
1465			Añadir las flores de tilo: Una vez que el agua esté hirviendo, apaga el fuego y agrega las flores secas de tilo.
1466			Dejar reposar: Tapa la olla o taza y deja infusionar las flores durante 5 a 10 minutos. Esto permitirá que los compuestos activos del tilo se liberen.
1467			Colar el té: Usa un colador para separar las flores del líquido y vierte el té en una taza.
1468			Personalizar el sabor: Si lo deseas, añade un poco de miel para endulzar o unas gotas de limón para un toque cítrico.
1469			Disfrútalo caliente, preferiblemente en un momento de tranquilidad. Este té es ideal para relajarte antes de dormir o para aliviar el estrés.
1470			TÉ VERDE
1471			El té verde es la bebida más sana del planeta. Está compuesto por muchos antioxidantes y nutrientes con grandes efectos sobre el cuerpo.
1472			Algunos de estos efectos incluyen una mejoría en la función cerebral, la pérdida de grasa, una disminución en el riesgo de padecer cáncer y muchos otros beneficios impresionantes.
1473			Beneficios del té verde que han sido demostrados en numerosos estudios:
1474			1. El té verde contiene componentes bioactivos que mejoran la salud
1475			2. Los componentes del té verde pueden mejorar la función cerebral y la inteligencia
1476			3. El té verde incrementa la reducción de grasas y mejora el rendimiento físico
1477			4. Los antioxidantes del té verde podrían disminuir el riesgo de sufrir algunos tipos de cáncer
1478			5. El té verde podría proteger su cerebro del envejecimiento, así como disminuir el riesgo de sufrir Alzhéimer y Párkinson
1479			6. El té verde puede matar bacterias, lo que mejora la salud dental y disminuye el riesgo de sufrir una infección
1480			7. El té verde podría disminuir el riesgo de padecer diabetes tipo 2
1481			8. El té verde podría reducir el riesgo de sufrir una enfermedad cardiovascular
1482			9. El té verde puede ayudarle a perder peso y disminuir el riesgo de obesidad
1483			10. El té verde podría ayudarle a vivir más años
1484			TÉ ROJO
1485			
1486			
1487			TÉ VERDE
1488			
1489			
1490			
1491			TOMILLO TRITURADO
1492		media/image92.png	El tomillo (Thymus vulgaris), originario de la región mediterránea, es una planta aromática y medicinal ampliamente utilizada desde la antigüedad.
1493			Su uso se remonta a las civilizaciones egipcia, griega y romana, donde se empleaba tanto en rituales como en medicina.
1494	Heading3		Propiedades medicinales
1495			El tomillo contiene compuestos bioactivos como timol, carvacrol, flavonoides y taninos, que le otorgan diversas propiedades terapéuticas:
1496			Antimicrobiano: Efectivo contra bacterias, hongos y virus, gracias al timol y carvacrol.
1497			Antiinflamatorio: Ayuda a reducir la inflamación en el cuerpo.
1498			Antioxidante: Protege las células del daño causado por los radicales libres.
1499			Digestivo: Alivia problemas estomacales como indigestión y gases.
1500			Expectorante: Facilita la expulsión de mucosidad en afecciones respiratorias.
1501			Inmunomodulador: Refuerza el sistema inmunológico.
1502	Heading3		Usos y formas de preparación
1503			Infusión: Se hierven 1-2 cucharaditas de hojas secas en una taza de agua durante 5-10 minutos. Es ideal para aliviar problemas respiratorios o digestivos.
1504			Aceite esencial: Usado en aromaterapia o diluido para aplicaciones tópicas, como masajes para aliviar dolores musculares.
1505			Enjuague bucal: Preparado con una infusión concentrada, ayuda a combatir infecciones bucales.
1506			Compresas: Aplicadas sobre heridas o inflamaciones para aprovechar sus propiedades antimicrobianas y antiinflamatorias.
1507			El tomillo es una planta versátil y segura cuando se usa en cantidades moderadas. Sin embargo, su aceite esencial debe manejarse con precaución, ya que puede ser irritante si no se diluye adecuadamente.
1508			Existen investigaciones científicas que respaldan las propiedades medicinales del tomillo (Thymus vulgaris). Por ejemplo:
1509			Un estudio publicado en la revista Universidad, Ciencia y Sociedad destaca las aplicaciones farmacológicas del tomillo, como su uso en productos medicinales como jarabes, enjuagues bucales y geles desinfectantes. Esto se debe a la extracción de sus principios activos, como el timol y el carvacrol2.
1510			Otra revisión bibliográfica analiza el potencial del tomillo como agente antioxidante y antimicrobiano en la industria alimentaria. Este estudio resalta su capacidad para combatir bacterias y hongos, además de su uso en la conservación de alimentos.
1511			Estos estudios subrayan la versatilidad del tomillo tanto en la medicina como en otras industrias.
1512			
1513			El tomillo tiene una amplia gama de usos medicinales respaldados por sus propiedades antimicrobianas, antiinflamatorias y antioxidantes. Aquí algunos de sus usos adicionales:
1514			Alivio de infecciones bucales: Se utiliza en enjuagues bucales para tratar gingivitis, dolor de muelas y mal aliento, gracias a su acción antiséptica.
1515			Cuidado de la piel: Es útil para combatir el acné y otras afecciones cutáneas como dermatitis, debido a sus propiedades antimicrobianas.
1516			Tratamiento de infecciones respiratorias: Ayuda a aliviar la tos, bronquitis y resfriados, actuando como expectorante y calmante.
1517			Control de la presión arterial: Sus compuestos, como el timol, pueden ayudar a reducir la presión arterial y prevenir enfermedades cardiovasculares.
1518			Alivio de infecciones genitales: Baños de asiento con infusión de tomillo pueden ser útiles para tratar infecciones por hongos y bacterias.
1519			Cuidado del cabello: Se emplea en tratamientos para fortalecer el cuero cabelludo y combatir infecciones micóticas
1520			
1521			
1522		media/image38.png	SEN
1523			El sen o casia (Senna alexandrina), es una planta medicinal originaria del noreste de África y la península arábiga. Ha sido utilizada durante siglos en la medicina tradicional, especialmente en Egipto y la India, por sus propiedades laxantes y purgantes.
1524	Heading3		Propiedades medicinales
1525			La Senna alexandrina contiene compuestos bioactivos como los senósidos (A, B, C y D), flavonoides, taninos y aceites esenciales. Estas sustancias le otorgan las siguientes propiedades:
1526			Laxante natural: Los senósidos estimulan el movimiento intestinal, siendo efectivos para tratar el estreñimiento.
1527			Antimicrobiano: Algunos estudios sugieren que tiene actividad contra bacterias y hongos.
1528			Antioxidante: Protege las células del daño oxidativo causado por los radicales libres.
1529			Antiinflamatorio: Puede ayudar a reducir inflamaciones leves.
1530	Heading3		Usos y formas de preparación
1531			Infusión o té: Se hierven 1-2 gramos de hojas secas en una taza de agua durante 5-10 minutos. Es importante no exceder la dosis para evitar efectos secundarios como calambres abdominales.
1532			Cápsulas o tabletas: Disponibles en farmacias y herbolarios, son una forma concentrada y dosificada de consumir sen.
1533			Extractos líquidos: Utilizados en gotas para un efecto más rápido.
1534			Polvo: Mezclado con agua o jugo, es otra forma de administración.
1535	Heading3		Precauciones
1536			El uso prolongado o excesivo del sen puede causar dependencia, desequilibrios electrolíticos y daño intestinal. Por ello, se recomienda utilizarla bajo supervisión médica y sólo por períodos cortos
1537			
1538			
1539		media/image101.png	SALVIA
1540			La salvia es una planta medicinal con muchas propiedades que se utilizan para tratar diversos problemas de salud:
1541			Antibacteriana, antifúngica y antiviral: Sus hojas tienen actividad antibacteriana, antifúngica y antiviral, principalmente gracias a su aceite esencial.
1542			Antioxidante y antiinflamatoria: La salvia tiene propiedades antioxidantes y antiinflamatorias.
1543			Astringente y antiperspirante: La salvia es astringente y antiperspirante.
1544			Emenagoga: La salvia estimula el flujo sanguíneo en el útero y la pelvis, lo que puede ayudar a fomentar la menstruación.
1545			Alivia dolores de garganta: La salvia se puede usar en infusiones para aliviar dolores de garganta.
1546			Mejora la memoria: La salvia se puede usar en infusiones para mejorar la memoria.
1547			Fortalece el sistema inmune: La salvia es antibiótica y fortalece el sistema inmune, lo que ayuda a minimizar las infecciones.
1548			Alivia la acidez de estómago: La salvia ayuda a combatir la acidez estomacal y reduce la hinchazón.
1549			Palia los sofocos y la sudoración excesiva: La salvia ayuda a tratar los sofocos y la sudoración excesiva que experimentan algunas mujeres durante la menopausia.
1550			Para tratar la diarrea, mejorar la función digestiva o reducir la sudoración nocturna, se recomienda tomar 15 y 25 gramos de hojas de salvia por cada litro de agua, tres veces al día.
1551		media/image12.png	ROMERO EN HOJAS
1552			El romero (Rosmarinus officinalis) es una planta aromática y medicinal ampliamente estudiada por sus beneficios para la salud. Aquí tienes información detallada basada en investigaciones científicas:
1553	Heading3		Procedencia
1554			"El romero es originario de la región mediterránea, donde crece de forma silvestre en laderas soleadas y suelos calcáreos. Su nombre proviene del latín ros marinus, que significa ""rocío del mar"", en referencia a su hábitat cercano a las costas2."
1555	Heading3		Características
1556			Morfología: Es un arbusto perenne de la familia Lamiaceae, que puede alcanzar hasta 2 metros de altura. Tiene hojas lineales, verdes en el haz y blanquecinas en el envés, con un aroma distintivo debido a sus aceites esenciales.
1557			Flores: Sus flores son pequeñas, de color azul pálido o violeta, y aparecen principalmente en primavera y verano.
1558			Composición química: Contiene compuestos bioactivos como ácido carnósico, ácido rosmarínico, alcanfor y flavonoides, responsables de sus propiedades medicinales.
1559	Heading3		Usos en la salud humana
1560			El romero tiene múltiples aplicaciones terapéuticas:
1561			Neuroprotector: Mejora la memoria y la concentración gracias a compuestos como el ácido carnósico.
1562			Antioxidante y anticancerígeno: Protege las células del daño oxidativo y puede inhibir el crecimiento de células cancerosas.
1563			Digestivo: Estimula la producción de bilis, favoreciendo la digestión.
1564			Antiinflamatorio y antimicrobiano: Ayuda a reducir la inflamación y combatir infecciones.
1565			Salud capilar: El aceite de romero se utiliza para prevenir la caída del cabello.
1566	Heading3		Dosis recomendadas
1567			Infusión: 2-4 gramos de hojas secas en 150 ml de agua hirviendo, hasta 3 tazas al día.
1568			Aceite esencial: 3-4 gotas diluidas en un aceite portador para uso tópico o en un difusor para aromaterapia.
1569			Extracto fluido: 30 gotas, 3 veces al día.
1570	Heading3		Precauciones
1571			Aunque el romero es seguro en dosis moderadas, su consumo excesivo puede causar efectos secundarios como irritación gástrica o reacciones alérgicas. No se recomienda durante el embarazo o en personas con epilepsia debido a su contenido de alcanfor.
1572			www.lifeder.com       www.onsalus.com
1573			PARAGUAY
1574			Descripción. Tratamiento natural para estimular la producción de leche materna. Dosis: Realizar una infusión del sobre en 4 litros de agua, leche o colada.
1575			Las propiedades atribuidas son: estimulante del estado de ánimo, diurético, broncodilatador, vasoconstrictor.
1576			Las propiedades atribuidas son: estimulante del estado de ánimo, diurético, broncodilatador, vasoconstrictor.
1577			PAICO
1578			El paico (Dysphania ambrosioides), también conocido como epazote, es una planta medicinal utilizada tradicionalmente en América Latina.
1579			Propiedades medicinales respaldadas por la ciencia:
1580			Actividad antiparasitaria:
1581			"El paico contiene ascaridol, un compuesto que ha demostrado ser efectivo contra parásitos intestinales. Estudios como el ""Estudio de la eficacia del paico (Chenopodium ambrosioides) como antihelmíntico, en especímenes silvestres mantenidos en cautiverio en el Hogar de Paso de Fauna Silvestre de la Universidad de la Amazonía 1 - SciELO Colombia"" confirma la efectividad del paico contra los helmintos."
1582			Este compuesto actúa alterando el metabolismo de los parásitos y afectando su sistema nervioso.
1583			Propiedades antiinflamatorias y digestivas:
1584			Se ha observado que el paico puede aliviar dolores estomacales, flatulencias y otros trastornos gastrointestinales.
1585			Además, se ha utilizado en la medicina tradicional para tratar problemas respiratorios.
1586			
1587			Otros usos tradicionales con respaldo parcial:
1588			Se le atribuyen propiedades antisépticas, diuréticas y emenagogas (para regular la menstruación), aunque se necesitan más estudios para confirmar estos efectos.
1589			Usos tradicionales y dosificaciones:
1590			Infusión:
1591			Se prepara una infusión con las hojas de paico para tratar problemas digestivos, parásitos intestinales y afecciones respiratorias.
1592			La dosis recomendada varía, pero generalmente se sugiere consumir de 2 a 3 tazas al día.
1593			Uso externo:
1594			El paico también se utiliza en forma de cataplasma o baños para tratar heridas, inflamaciones y afecciones de la piel.
1595			Uso culinario:
1596			En la cocina latinoamericana, se utiliza como condimento para dar sabor a frijoles, sopas y otros platos, lo que también puede contribuir a mejorar la digestión.
1597			Precauciones importantes:
1598			El paico puede ser tóxico en dosis elevadas, por lo que es fundamental respetar las dosificaciones recomendadas.
1599			Está contraindicado durante el embarazo y la lactancia.
1600			Se recomienda consultar a un profesional de la salud antes de utilizar el paico como tratamiento, especialmente si se están tomando otros medicamentos.
1601			Investigaciones adicionales:
1602			Se continúan realizando estudios para investigar a fondo las propiedades del paico y sus posibles aplicaciones terapéuticas.
1603			Es importante recordar que la información proporcionada aquí es solo para fines informativos y no debe considerarse como un consejo médico. Siempre se debe consultar a un profesional de la salud antes de utilizar cualquier planta medicinal.
1604			
1605			ORTIGA
1606			La ortiga, cuyo nombre científico es Urtica dioica, es una planta herbácea perenne que se encuentra ampliamente distribuida por todo el mundo. Aquí te detallo su origen y dónde puedes encontrarla:
1607			Origen y Distribución:
1608			Origen:
1609			Es originaria de Europa, Asia y el norte de África.
1610			Sin embargo, se ha adaptado y extendido a muchas otras regiones del mundo, incluyendo América del Norte y América Latina.
1611			Distribución Global:
1612			La ortiga es una planta cosmopolita, lo que significa que se encuentra en casi todos los continentes.
1613			Crece en una variedad de hábitats, pero prefiere suelos ricos en nitrógeno y lugares húmedos.
1614			Dónde encontrarla:
1615			En la naturaleza: Se encuentra comúnmente en bordes de caminos, bosques, jardines, campos y áreas perturbadas.
1616			En Ecuador:
1617			En Ecuador, la ortiga se encuentra en diversas regiones, principalmente en zonas montañosas y áreas rurales donde las condiciones son propicias para su crecimiento.
1618			
1619			Región Andina: Las provincias de la Sierra, como Cotopaxi, Tungurahua, y Chimborazo, son conocidas por la presencia de ortiga, tanto en estado silvestre como en cultivos controlados.
1620			Amazonía: Algunas áreas de la región amazónica también cuentan con poblaciones de ortiga, aunque su cultivo aquí no es tan intensivo como en la Sierra.
1621			
1622			Características del Hábitat:
1623			La ortiga prospera en suelos ricos en nutrientes, especialmente en nitrógeno.
1624			Prefiere lugares húmedos y sombreados, pero también puede tolerar la luz solar directa.
1625			Es una planta resistente que puede crecer en una variedad de condiciones, lo que contribuye a su amplia distribución.
1626			Es importante tener en cuenta que la ortiga es conocida por sus pelos urticantes, que liberan sustancias químicas irritantes al contacto con la piel. Por lo tanto, se debe tener precaución al manipularla.
1627			Propiedades medicinales respaldadas por la ciencia:
1628			Antiinflamatoria:
1629			Estudios han demostrado que la ortiga modula la respuesta inflamatoria del cuerpo, lo que la hace útil para afecciones como la artritis y el dolor muscular.
1630			Diurética:
1631			La ortiga estimula la función renal, ayudando a eliminar el exceso de líquidos y toxinas del cuerpo. Esto puede ser beneficioso para la salud del tracto urinario.
1632			Antioxidante:
1633			Rica en compuestos antioxidantes, la ortiga protege las células del daño causado por los radicales libres, contribuyendo a la salud general.
1634			Salud prostática:
1635			Investigaciones indican que la ortiga puede aliviar los síntomas de la hiperplasia prostática benigna (HPB).
1636			Usos tradicionales con respaldo científico parcial:
1637			Salud capilar:
1638			Se ha utilizado tradicionalmente para fortalecer el cabello y prevenir la caída, aunque se necesitan más estudios.
1639			Alergias:
1640			Algunas personas encuentran alivio de los síntomas de alergia con la ortiga, pero la evidencia científica es limitada.
1641			Anemia:
1642			La ortiga es rica en hierro, por lo que puede ser útil para casos de anemia ferropénica.
1643			Preparaciones y dosificaciones:
1644			Infusión:
1645			Prepare una infusión con hojas secas de ortiga (1-2 cucharaditas por taza de agua caliente) y consuma 2-3 tazas al día.
1646			Cápsulas/Comprimidos:
1647			Siga las instrucciones del fabricante para la dosificación adecuada.
1648			Uso tópico:
1649			Prepare cataplasmas o lociones para aplicar sobre la piel en casos de eccema o psoriasis.
1650			Uso alimentario:
1651			La ortiga se puede usar como un vegetal de hoja verde, en sopas, ensaladas, y otros platillos.
1652			Precauciones:
1653			La ortiga fresca puede causar irritación en la piel debido a sus pelos urticantes.
1654			Puede interactuar con ciertos medicamentos, como anticoagulantes y diuréticos.
1655			Consulte a su médico antes de usar ortiga, especialmente si está embarazada, amamantando o tomando otros medicamentos.
1656			Información adicional:
1657			La ortiga es una fuente de vitaminas (A, C, K), minerales (hierro, calcio) y otros nutrientes.
1658			Las raíces de la ortiga, tienen propiedades diferentes a las hojas, y son usadas para la salud de la próstata.
1659			Recomendaciones:
1660			Recuerde que esta información es para fines educativos y no reemplaza el consejo médico profesional.
1661			Siempre consulte a un profesional de la salud antes de iniciar cualquier tratamiento con hierbas medicinales.
1662			www.plantas.ec
1663		media/image57.png	ORÉGANO EN HOJA
1664			El orégano (Origanum vulgare), una planta aromática con un rico historial tanto en la medicina tradicional como en la gastronomía.
1665			Propiedades medicinales respaldadas por la ciencia:
1666			Actividad antimicrobiana:
1667			El orégano es rico en compuestos como el carvacrol y el timol, que han demostrado tener potentes propiedades antibacterianas y antifúngicas.
1668			Estudios han indicado su eficacia contra diversas cepas de bacterias y hongos, incluyendo algunas resistentes a antibióticos.
1669			Propiedades antioxidantes:
1670			El orégano contiene una alta concentración de antioxidantes, que ayudan a proteger las células del daño causado por los radicales libres.
1671			Esto contribuye a la salud general y puede ayudar a prevenir enfermedades crónicas.
1672			Propiedades antiinflamatorias:
1673			Se ha demostrado que el orégano tiene efectos antiinflamatorios, lo que puede ser útil para aliviar el dolor y la inflamación.
1674			Salud digestiva:
1675			El orégano puede ayudar a aliviar problemas digestivos como la indigestión y la flatulencia.
1676			Usos medicinales tradicionales y modernos:
1677			Infecciones respiratorias:
1678			El orégano se ha utilizado tradicionalmente para tratar infecciones respiratorias como la tos y el resfriado.
1679			Infecciones de la piel:
1680			El aceite de orégano se puede aplicar tópicamente para tratar infecciones de la piel causadas por bacterias u hongos.
1681			Alivio del dolor:
1682			El orégano puede ayudar a aliviar el dolor muscular y articular.
1683			Usos gastronómicos:
1684			El orégano es una hierba culinaria popular, utilizada para dar sabor a una variedad de platos, incluyendo:
1685			Pizzas y pastas.
1686			Salsas y adobos.
1687			Carnes y verduras.
1688			Ayuda a la digestión de las comidas.
1689			Preparaciones y dosificaciones:
1690			Infusión:
1691			Prepare una infusión con hojas secas de orégano (1-2 cucharaditas por taza de agua caliente) y consuma 2-3 tazas al día.
1692			Aceite de orégano:
1693			El aceite de orégano se puede tomar por vía oral o aplicar tópicamente. Siga las instrucciones del fabricante para la dosificación adecuada.
1694			Orégano fresco o seco:
1695			Se puede usar en la preparación de las comidas.
1696			Precauciones:
1697			El aceite de orégano puede ser irritante para la piel y las membranas mucosas.
1698			Puede interactuar con ciertos medicamentos, como los anticoagulantes.
1699			Consulte a su médico antes de usar orégano con fines medicinales, especialmente si está embarazada, amamantando o tomando otros medicamentos.
1700			Información adicional:
1701			El orégano es una fuente de vitaminas y minerales, incluyendo vitamina K, hierro y calcio.
1702			Recomendaciones:
1703			Recuerde que esta información es para fines educativos y no reemplaza el consejo médico profesional.
1704			Siempre consulte a un profesional de la salud antes de iniciar cualquier tratamiento con hierbas medicinales.
1705			Qué tiene el orégano
1706			El orégano posee compuestos activos como timol, carvacrol y borneol, que le otorgan propiedades antioxidantes, antimicrobianas y antiinflamatorias. Sus beneficios para la salud van desde ser un efectivo tratamiento ante la artrosis, hasta aliviar dolores de la menstruación, reducir dolores en articulaciones y controlar los niveles del colesterol.
1707			ESPIRULINA
1708			
1709			
1710			ALGAS NORI
1711			
1712			
1713			
1714		media/image111.png	MORINGA EN HOJAS
1715			"La moringa (Moringa oleifera), conocida como el ""árbol de la vida"", es una planta con múltiples propiedades medicinales y nutricionales respaldadas por investigaciones científicas."
1716	Heading3		Propiedades de la moringa
1717			La moringa es rica en antioxidantes, vitaminas (A, C, E), minerales (calcio, hierro, potasio), proteínas y compuestos bioactivos como polifenoles y ácido clorogénico.
1718			Entre sus beneficios destacan:
1719			Antioxidante: Combate los radicales libres y protege las células del daño.
1720			Antiinflamatorio: Alivia el dolor asociado con enfermedades como la artritis.
1721			Regulador de azúcar en sangre: Ayuda a estabilizar los niveles de glucosa, beneficioso para personas con diabetes.
1722			Cardioprotector: Reduce el colesterol y el riesgo de enfermedades cardíacas.
1723			Fortalecedor inmunológico: Mejora las defensas naturales del cuerpo.
1724	Heading3		Utilización como planta medicinal
1725			La moringa se utiliza para tratar diversas afecciones:
1726			Diabetes: Regula el estrés oxidativo y disminuye los niveles de azúcar en sangre.
1727			Anemia: Su alto contenido de hierro favorece la producción de glóbulos rojos.
1728			Problemas respiratorios: Mejora la capacidad respiratoria y alivia síntomas de asma.
1729			Salud hepática: Protege el hígado gracias a sus propiedades antioxidantes.
1730	Heading3		Preparaciones y dosificaciones
1731			La moringa puede consumirse en diferentes formas:
1732			Té: Se prepara con hojas verdes o secas. La dosis recomendada es de 8 g por vaso.
1733			Cápsulas: Se toman 2 cápsulas antes de cada comida, hasta un máximo de 6 al día.
1734			Polvo: Se añade a batidos, sopas o alimentos. La dosis diaria recomendada es de 3 a 5 g.
1735			Aceite: Utilizado para aplicaciones tópicas en piel y cabello.
1736	Heading3		Otros usos
1737			Además de sus aplicaciones medicinales, la moringa tiene usos en:
1738			Nutrición: Como suplemento alimenticio para combatir la desnutrición.
1739			Cosmética: El aceite de moringa se emplea en jabones, cremas y lociones por sus propiedades hidratantes.
1740			Agricultura: Sus semillas se utilizan para purificar agua y como fertilizante.
1741			Es importante consumirla con moderación y consultar a un especialista, ya que puede tener efectos secundarios como náuseas o diarrea si se excede la dosis recomendada.
1742			Las semillas de moringa comparten algunas propiedades con las hojas y el polvo, pero también tienen características únicas. Al igual que las hojas, las semillas son ricas en antioxidantes, vitaminas y minerales, pero destacan por su contenido de ácidos grasos saludables, como el ácido oleico, y su capacidad para purificar agua gracias a sus propiedades coagulantes.
1743	Heading3		Propiedades de las semillas de moringa
1744			Antioxidantes: Ayudan a combatir el estrés oxidativo.
1745			Regulación del azúcar en sangre: Beneficiosas para personas con diabetes.
1746			Cardioprotectoras: Reducen el colesterol malo y mejoran la salud cardiovascular.
1747			Purificación de agua: Las semillas trituradas pueden eliminar impurezas del agua.
1748	Heading3		Preparación y consumo
1749			Crudas o tostadas: Se pueden consumir directamente, pero en pequeñas cantidades (1-2 semillas al día) para evitar efectos secundarios.
1750			Infusión: Tritura las semillas y hiérvelas en agua durante 5-10 minutos. Se recomienda tomar una taza al día.
1751			Polvo: Las semillas secas se muelen y el polvo se puede añadir a batidos o alimentos. La dosis sugerida es de 1-2 gramos diarios.
1752			Aceite: El aceite extraído de las semillas es ideal para uso tópico en piel y cabello.
1753			Es importante consumirlas con moderación, ya que un exceso puede causar molestias estomacales.
1754			¿Qué otras plantas son comparables a la moringa en propiedades?
1755			Existen varias plantas medicinales que comparten propiedades similares a la moringa, especialmente en términos de beneficios antioxidantes, antiinflamatorios y nutricionales. Aquí tienes algunas de ellas:
1756	Heading3		Plantas comparables a la moringa
1757			Jengibre (Zingiber officinale)**:
1758			Propiedades antiinflamatorias y antioxidantes.
1759			Ayuda a mejorar la digestión y aliviar náuseas.
1760			Beneficios para la salud cardiovascular.
1761			Cúrcuma (Curcuma longa)**:
1762			Rica en curcumina, con efectos antiinflamatorios y antioxidantes.
1763			Utilizada para aliviar dolores articulares y mejorar la salud del hígado.
1764			Espirulina:
1765			Alga rica en proteínas, vitaminas y minerales.
1766			Refuerza el sistema inmunológico y mejora la energía.
1767			Aloe vera (Aloe barbadensis)**:
1768			Propiedades hidratantes y cicatrizantes.
1769			Beneficios para la piel y el sistema digestivo.
1770			Neem (Azadirachta indica)**:
1771			Propiedades antimicrobianas y antiinflamatorias.
1772			Utilizado para la salud de la piel y como regulador del azúcar en sangre.
1773			Chía (Salvia hispanica)**:
1774			Rica en ácidos grasos omega-3, fibra y antioxidantes.
1775			Mejora la salud cardiovascular y digestiva.
1776			Cada una de estas plantas tiene aplicaciones específicas y puede complementar los beneficios de la moringa.
1777			
1778			MENTA
1779			La menta (Mentha piperita), conocida por su aroma refrescante, es una planta medicinal ampliamente estudiada y utilizada por sus propiedades terapéuticas. Aquí tienes información detallada basada en investigaciones científicas:
1780	Heading3		Propiedades de la menta
1781			La menta contiene mentol, cineol, flavonoides y taninos, que le otorgan diversas propiedades:
1782			Digestiva: Alivia indigestiones, náuseas y gases intestinales2.
1783			Antiinflamatoria: Reduce inflamaciones internas y externas2.
1784			Antiespasmódica: Relaja los músculos lisos, útil para cólicos y dolores menstruales2.
1785			Expectorante: Ayuda en problemas respiratorios como bronquitis y resfriados2.
1786			Antimicrobiana: Combate bacterias y hongos2.
1787	Heading3		Utilización como planta medicinal
1788			La menta se emplea para tratar:
1789			Problemas digestivos: Mejora la digestión y alivia el síndrome del intestino irritable2.
1790			Dolores de cabeza: El mentol tiene efectos analgésicos2.
1791			Resfriados y gripe: Descongestiona las vías respiratorias2.
1792			Problemas de piel: Alivia irritaciones y picaduras2.
1793	Heading3		Preparaciones y dosificaciones
1794			Infusión:
1795			Ingredientes: 5 g de hojas frescas o 1.5 g de hojas secas por taza.
1796			Preparación: Hervir agua, añadir las hojas y dejar reposar 5-10 minutos4.
1797			Dosis: 1-3 tazas al día.
1798			Aceite esencial:
1799			Uso interno: Solo si está etiquetado como apto para consumo. Diluir 1-2 gotas en agua o miel.
1800			Uso externo: Aplicar en masajes o inhalaciones para aliviar dolores y congestión.
1801			Vahos:
1802			Ingredientes: Hojas frescas o aceite esencial.
1803			Preparación: Hervir agua, añadir menta y respirar el vapor.
1804			Cataplasmas:
1805			Uso: Para aliviar dolores musculares o picaduras.
1806			Es importante seguir las dosis recomendadas y consultar a un especialista antes de usarla, especialmente en casos de embarazo o lactancia. ¿Te gustaría explorar más sobre alguna preparación específica?
1807			¿Qué otras hierbas son beneficiosas junto con la menta?
1808			La menta puede combinarse con varias hierbas para potenciar sus beneficios medicinales. Aquí tienes algunas opciones que complementan sus propiedades:
1809	Heading3		Hierbas beneficiosas junto con la menta
1810			Manzanilla (Matricaria chamomilla)**:
1811			Propiedades calmantes y digestivas.
1812			Ideal para aliviar el estrés y mejorar la calidad del sueño.
1813			Jengibre (Zingiber officinale)**:
1814			Antiinflamatorio y estimulante.
1815			Ayuda a mejorar la digestión y aliviar náuseas.
1816			Cúrcuma (Curcuma longa)**:
1817			Rica en curcumina, con efectos antioxidantes y antiinflamatorios.
1818			Beneficiosa para la salud del hígado y las articulaciones.
1819			Hierba buena (Mentha spicata)**:
1820			Similar a la menta, pero con un sabor más suave.
1821			Excelente para problemas digestivos y respiratorios.
1822			Tilo (Tilia cordata)**:
1823			Propiedades relajantes y sedantes.
1824			Útil para reducir la ansiedad y mejorar el sueño.
1825			Romero (Rosmarinus officinalis)**:
1826			Estimulante y antioxidante.
1827			Mejora la circulación y la memoria.
1828			Estas hierbas pueden combinarse en infusiones o preparados para aprovechar sus efectos sinérgicos. ¿Te gustaría una receta específica o más información sobre alguna de ellas? ¡Estoy aquí para ayudarte!
1829			www. ecoagricultor.com
1830			
1831			
1832			MEJORANA
1833			
1834			
1835			
1836		media/image5.png	MATICO
1837			"El matico, conocido científicamente como Buddleja globosa, es una planta medicinal originaria de América Latina, especialmente de Chile, Perú y Argentina. También se le llama ""hierba del soldado"" porque antiguamente se usaba para detener hemorragias en el campo de batalla"
1838			Origen y características:
1839			Origen: Originaria de los Andes, específicamente de países como Chile, Perú y Ecuador. Su uso se remonta a tiempos prehispánicos, donde culturas indígenas como los mapuches la utilizaban con fines medicinales.
1840			
1841			Propiedades para la salud humana:
1842			Cicatrizante y antiséptico: Estudios han demostrado que el matico posee propiedades que favorecen la cicatrización de heridas y previenen infecciones.
1843			Antiinflamatorio: Se ha observado que el matico tiene efectos antiinflamatorios, lo que lo hace útil para tratar afecciones como dolores musculares y articulares.
1844			Digestivo: Tradicionalmente, se ha utilizado para aliviar problemas digestivos como úlceras, indigestión y dolor de estómago.
1845			Respiratorio: Sus propiedades antitusígenas y expectorantes lo hacen útil para tratar afecciones respiratorias como bronquitis y resfriados.
1846			Otros usos: También se le atribuyen propiedades diuréticas, depurativas y hemostáticas.
1847			Preparación y dosis:
1848			Infusión: La forma más común de preparación es la infusión. Se utiliza una cucharada de hojas secas por cada litro de agua hirviendo. Se deja reposar durante unos minutos, se cuela y se bebe.
1849			La forma más común de consumir el matico es en infusión:
1850			Preparación: Añade una cucharada de hojas secas de matico por cada litro de agua caliente. Deja reposar entre 10 y 15 minutos.
1851			Dosis: Se recomienda tomar una taza de infusión 2-3 veces al día, dependiendo de la afección a tratar.
1852			La misma infusión se puede utilizar en compresas para aplicar sobre heridas, contusiones o hematomas.
1853			Es importante tener en cuenta que, como con cualquier planta medicinal, es recomendable consultar a un profesional de la salud antes de utilizar el matico, especialmente en caso de embarazo, lactancia o enfermedades crónicas.
1854			Existen investigaciones científicas que respaldan las propiedades medicinales del matico (Piper aduncum), especialmente en áreas como la cicatrización, actividad antimicrobiana y antiinflamatoria. Aquí algunos ejemplos destacados:
1855			Propiedades antimicrobianas: Un estudio publicado en la revista Vive Revista de Salud evaluó el aceite esencial y extractos de hojas de Piper aduncum. Se encontró que los flavonoides y compuestos fenólicos presentes en la planta tienen actividad antibacteriana contra Staphylococcus aureus y Escherichia coli, además de propiedades antifúngicas.
1856			Usos tradicionales y etnofarmacología: Una investigación realizada en comunidades nativas de Perú documentó el uso del matico para tratar heridas, infecciones y problemas digestivos. Este estudio etnofarmacológico destaca la importancia de la planta en la medicina tradicional.
1857			Química y farmacología: Un artículo de la Pontificia Universidad Católica del Perú analizó más de 50 compuestos aislados del matico, incluyendo flavonoides y derivados de ácido benzoico. Estos compuestos mostraron actividades antibacterianas, antivirales y cicatrizantes en modelos in vitro
1858			www.farmaciamapuche.cl   www.revistas .pucp.edu.pe
1859			Existen varias plantas medicinales que comparten propiedades similares al matico (Buddleja globosa o Piper aduncum), especialmente en términos de cicatrización, propiedades antiinflamatorias y digestivas. Aquí tienes algunas:
1860			Caléndula (Calendula officinalis)**:
1861			Propiedades: Cicatrizante, antiinflamatoria y antimicrobiana.
1862			Usos: Tratamiento de heridas, quemaduras y problemas de la piel.
1863			Manzanilla (Matricaria chamomilla)**:
1864			Propiedades: Antiinflamatoria, calmante y digestiva.
1865			Usos: Alivio de molestias estomacales, irritaciones de la piel y relajación.
1866			Aloe vera (Aloe barbadensis)**:
1867			Propiedades: Cicatrizante, hidratante y antiinflamatoria.
1868			Usos: Tratamiento de quemaduras, heridas y problemas de la piel.
1869			Ortiga (Urtica dioica)**:
1870			Propiedades: Antiinflamatoria, diurética y depurativa.
1871			Usos: Alivio de dolores articulares, problemas urinarios y detoxificación.
1872			Llanten (Plantago major)**:
1873			Propiedades: Cicatrizante, antiinflamatoria y expectorante.
1874			Usos: Tratamiento de heridas, infecciones respiratorias y problemas digestivos.
1875			Estas plantas son ampliamente utilizadas en la medicina tradicional y natural. Si te interesa alguna en particular, puedo proporcionarte más detalles sobre su preparación y uso.
1876			Estas plantas se utilizan en la medicina natural en diversas formas dependiendo de sus propiedades y la afección que se quiera tratar. Aquí tienes un resumen de sus usos más comunes:
1877	Heading3		1. Caléndula (Calendula officinalis)**:
1878			Infusiones: Las flores se hierven en agua y se toman como té para aliviar problemas digestivos o reducir la inflamación interna.
1879			Pomadas: Preparaciones tópicas para aplicar en heridas, quemaduras o erupciones cutáneas.
1880			Aceite de caléndula: Usado para masajes y tratamiento de piel seca o irritada.
1881	Heading3		2. Manzanilla (Matricaria chamomilla)**:
1882			Infusión: Como té para calmar el sistema digestivo, aliviar el estrés y promover el sueño.
1883			Baños de vapor: Para tratar infecciones respiratorias leves.
1884			Compresas: Infusión aplicada en compresas para aliviar irritaciones oculares.
1885	Heading3		3. Aloe vera (Aloe barbadensis)**:
1886			Gel fresco: Extraído directamente de las hojas, se aplica en quemaduras, heridas y problemas cutáneos.
1887			Jugo: En pequeñas cantidades, se toma para problemas digestivos y detoxificación.
1888			Mascarillas: Usado en el cuidado facial para hidratar y reparar la piel.
1889	Heading3		4. Ortiga (Urtica dioica)**:
1890			Tés o decocciones: Para aliviar dolores articulares, purificar la sangre y promover la diuresis.
1891			Extractos: Suelen usarse en productos capilares para prevenir la caída del cabello.
1892			Cataplasmas: Aplicados directamente en zonas doloridas para aliviar inflamaciones.
1893	Heading3		5. Llanten (Plantago major)**:
1894			Infusión: Para tratar problemas digestivos y molestias respiratorias.
1895			Cataplasmas: Hojas trituradas aplicadas en heridas para promover la cicatrización.
1896			Enjuagues bucales: Infusión para aliviar aftas o inflamación en la boca.
1897			Estas formas de uso se basan en tradiciones populares y etnofarmacológicas. Es importante asegurarse de usar las plantas correctamente y, si es posible, consultar con un experto en plantas medicinales o un médico antes de incluirlas en un tratamiento.
1898			
1899		media/image86.png	MANZANILLA
1900			"La manzanilla (Matricaria chamomilla), es una planta medicinal originaria de la región mediterránea, Asia Menor y Europa Occidental. Su nombre proviene del griego ""khamaimelon"", que significa ""manzana de tierra"", debido a su aroma similar al de las manzanas. Desde la antigüedad, ha sido valorada por sus propiedades terapéuticas y utilizada en la medicina tradicional de diversas culturas."
1901			La manzanilla es conocida por sus múltiples beneficios medicinales:
1902			Antiinflamatoria: Estudios han demostrado que los flavonoides presentes en la manzanilla ayudan a reducir la inflamación en tejidos.
1903			Relajante y ansiolítica: Contiene apigenina, un compuesto que actúa sobre los receptores cerebrales, promoviendo la relajación y mejorando la calidad del sueño.
1904			Digestiva: Favorece la digestión y alivia molestias como náuseas, cólicos y gastritis.
1905			Antioxidante: Protege las células contra el daño de los radicales libres, ayudando a prevenir enfermedades crónicas.
1906			Antibacteriana: Tiene propiedades que combaten bacterias como Helicobacter pylori, asociada a úlceras gástricas.
1907	Heading3		Preparación y dosis
1908			La forma más común de consumir la manzanilla es en infusión:
1909			Preparación: Añade una cucharadita de flores secas de manzanilla por cada taza de agua hirviendo. Deja reposar entre 5 y 10 minutos.
1910			Dosis: Se recomienda tomar 2-3 tazas al día para aliviar problemas digestivos o reducir el estrés.
1911	Heading3		Precauciones
1912			Aunque la manzanilla es segura para la mayoría de las personas, su consumo excesivo puede causar vómitos o reacciones alérgicas en individuos sensibles a plantas de la familia Asteraceae. Además, se debe evitar durante el embarazo sin supervisión médica.
1913			Aquí tienes algunos estudios destacados sobre los beneficios de la manzanilla:
1914			Propiedades antiinflamatorias y digestivas: Un estudio publicado en la Revista de Investigación e Información en Salud analizó los principios activos de la manzanilla, como los flavonoides y ácidos orgánicos, que actúan como calmantes y desinflamantes. Este estudio también destacó su eficacia en el alivio de dolores estomacales y problemas digestivos.
1915			Tratamiento de enfermedades periodontales: Una revisión en la revista Archivo Médico de Camagüey exploró el uso de la manzanilla en el tratamiento de enfermedades periodontales. Se demostró que sus propiedades antiinflamatorias, cicatrizantes y bacteriostáticas son efectivas para tratar procesos agudos y crónicos.
1916			Aplicaciones terapéuticas generales: Un estudio publicado en Pharmaceuticals (PMC) en 2022 analizó las aplicaciones terapéuticas de la manzanilla, destacando su acción antioxidante, anticancerígena y antihipertensiva. También se exploraron sus efectos en el sistema nervioso central
1917		media/image47.png	LLANTÉN
1918			El llantén (Plantago major) es una planta medicinal con una larga historia de uso en diversas culturas alrededor del mundo.
1919			El llantén es una planta originaria de Europa y Asia, aunque actualmente está distribuida por todo el mundo debido a su uso medicinal y adaptabilidad. Fue introducido en América durante la colonización europea y se ha naturalizado en diversas regiones, especialmente en áreas húmedas y templadas
1920	Heading3		Características
1921			Tipo de planta: Herbácea perenne de la familia Plantaginaceae.
1922			Hojas: Ovaladas, con nervios paralelos y longitudinales, dispuestas en forma de roseta basal.
1923			Flores: Pequeñas, agrupadas en espigas largas y apretadas.
1924			Altura: Puede alcanzar entre 20 y 60 cm.
1925			Hábitat: Crece en terrenos húmedos, bordes de caminos y prados
1926	Heading3		Propiedades para la salud humana
1927			El llantén tiene múltiples beneficios medicinales:
1928			Antiinflamatorio: Ayuda a reducir inflamaciones internas y externas.
1929			Cicatrizante: Promueve la regeneración de tejidos y la cicatrización de heridas.
1930			Antibacteriano y antiviral: Combate infecciones causadas por bacterias como Helicobacter pylori y virus respiratorios.
1931			Digestivo: Alivia problemas gástricos y previene úlceras.
1932			Expectorante: Facilita la eliminación de mucosidad en afecciones respiratorias.
1933			Diurético: Favorece la eliminación de líquidos y toxinas.
1934	Heading3		Preparación y dosis
1935			El llantén se consume principalmente en forma de infusión, jugo o cataplasma:
1936			Infusión:
1937			Ingredientes: 3-4 gramos de hojas secas por cada taza de agua hirviendo.
1938			Preparación: Dejar reposar 5-10 minutos y beber tibio.
1939			Dosis: 2-3 tazas al día.
1940			Jugo:
1941			Ingredientes: 2 cucharadas de hojas frescas picadas y 1 taza de agua fría.
1942			Preparación: Licuar y colar antes de consumir.
1943			Dosis: Tomar en ayunas.
1944			Cataplasma:
1945			Uso: Hojas machacadas aplicadas directamente sobre heridas o inflamaciones.
1946	Heading3		Precauciones
1947			Aunque el llantén es seguro para la mayoría, debe evitarse en personas embarazadas, lactantes o con problemas cardíacos. Además, su consumo excesivo puede causar efectos secundarios como náuseas o deshidratación.
1948			www.lifeder.com        www.medicinaenplantas.com
1949		media/image93.png	LAVANDA
1950			La lavanda (Lavandula angustifolia), también conocida como espliego, es una planta medicinal ampliamente estudiada por sus propiedades terapéuticas. Aquí tienes información detallada basada en investigaciones científicas:
1951	Heading3		Origen
1952			La lavanda es originaria de la región mediterránea, incluyendo el sur de Europa, el norte de África y el suroeste de Asia. Ha sido utilizada desde la antigüedad por civilizaciones como los romanos y los griegos, quienes la empleaban en baños, perfumes y remedios medicinales.
1953	Heading3		Características
1954			Tipo de planta: Arbusto perenne de la familia Lamiaceae.
1955			Altura: Puede alcanzar entre 30 y 100 cm.
1956			Hojas: Lineales, de color verde grisáceo, con una textura aterciopelada.
1957			Flores: Pequeñas, de color violeta o azul, agrupadas en espigas aromáticas.
1958			Hábitat: Prefiere climas cálidos y secos, con suelos bien drenados y soleados.
1959	Heading3		Propiedades para la salud humana
1960			La lavanda tiene múltiples beneficios respaldados por estudios científicos:
1961			Relajante y ansiolítica: Contiene linalool y acetato de linalilo, compuestos que actúan sobre el sistema nervioso, reduciendo el estrés y la ansiedad.
1962			Sedante: Mejora la calidad del sueño y combate el insomnio.
1963			Antiinflamatoria y analgésica: Alivia dolores musculares y articulares.
1964			Antimicrobiana: Combate bacterias y hongos, útil en infecciones cutáneas.
1965			Digestiva: Alivia cólicos, flatulencias y problemas gastrointestinales.
1966			Cicatrizante: Favorece la regeneración de tejidos y la curación de heridas.
1967	Heading3		Preparación y dosis
1968			Infusión:
1969			Preparación: Añade 1-2 cucharaditas de flores secas de lavanda a una taza de agua hirviendo. Deja reposar 10 minutos y cuela.
1970			Dosis: Beber 1-2 tazas al día, preferiblemente por la noche para aprovechar sus efectos relajantes.
1971			Aceite esencial:
1972			Uso tópico: Diluir 2-3 gotas en una cucharada de aceite portador (como aceite de almendras) y aplicar en la piel para masajes o heridas.
1973			Aromaterapia: Añadir 3-5 gotas a un difusor para reducir el estrés.
1974			Baños relajantes:
1975			Añadir 10-15 gotas de aceite esencial al agua del baño para aliviar tensiones musculares y promover la relajación.
1976	Heading3		Precauciones
1977			El aceite esencial no debe ingerirse sin supervisión médica, ya que puede ser tóxico en altas dosis.
1978			Evitar su uso en mujeres embarazadas, lactantes y niños pequeños sin consultar a un especialista.
1979			Realizar una prueba de alergia antes de aplicar el aceite esencial en la piel.
1980			
1981		media/image112.png	LAUREL
1982			El laurel, conocido científicamente como Laurus nobilis, es un árbol perenne originario de la región del Mediterráneo. Desde la antigüedad, ha sido valorado por sus múltiples usos en la medicina, la gastronomía y la cultura. Aquí tienes información detallada:
1983	Heading3		Origen
1984			El laurel tiene raíces históricas profundas. En la mitología griega y romana, se consideraba un símbolo de victoria y honor. Su cultivo se extendió desde el Mediterráneo hacia otras regiones del mundo, adaptándose a climas templados.
1985	Heading3		Características
1986			Altura: Puede alcanzar entre 5 y 10 metros.
1987			Hojas: Lanceoladas, de color verde oscuro, con bordes ondulados y un aroma característico.
1988			Flores: Amarillentas, agrupadas en umbelas.
1989			Fruto: Bayas negras en la madurez.
1990	Heading3		Propiedades para la salud
1991			El laurel contiene compuestos activos como eugenol, cineol y flavonoides, que le otorgan propiedades medicinales:
1992			Digestivas: Facilita la digestión y reduce la formación de gases.
1993			Antiinflamatorias: Ayuda a aliviar dolores musculares y articulares.
1994			Antioxidantes: Protege las células del envejecimiento prematuro.
1995			Respiratorias: Actúa como expectorante en casos de resfriados.
1996	Heading3		Uso en gastronomía
1997			El laurel es esencial en la cocina mediterránea.
1998			Preparación: Se utiliza principalmente en guisos, estofados y salsas. Las hojas secas son más populares por su sabor menos amargo.
1999			Dosis: Generalmente, se añaden 1 o 2 hojas por plato para evitar que el sabor sea demasiado intenso.
2000	Heading3		Preparación y dosis en infusiones
2001			Para aprovechar sus beneficios medicinales:
2002			Hierve 1 o 2 hojas de laurel en una taza de agua durante 5 minutos.
2003			Deja reposar y consume después de las comidas para mejorar la digestión.
2004			Es importante retirar las hojas antes de servir los alimentos, ya que no son agradables para masticar. Además, su consumo excesivo puede tener contraindicaciones, especialmente en mujeres embarazadas y niños pequeños.
2005			
2006			FLOR DE JAMAICA
2007			
2008			Disminuye la presión arterial
2009		media/image2.jpg	La flor de Jamaica podría ayudar a prevenir y a controlar la hipertensión arterial leve y moderada, pues favorece el relajamiento de los vasos sanguíneos. Se cree que este efecto podría deberse a su contenido de antocianinas y a sus propiedades antioxidantes y a su efecto diurético.
2010			
2011			Cuida la salud del corazón
2012			"Además de favorecer la disminución de la presión arterial, la flor de Jamaica también podría ayudar a disminuir el colesterol ""malo"" (LDL) y los triglicéridos, e incluso aumentar el colesterol ""bueno"" (HDL). Esto podría deberse a que ocurre una supresión en la síntesis de ácidos grasos en el hígado, favorece la quema de grasas en el organismo y disminuye la absorción de los triglicéridos a nivel intestinal."
2013			
2014			Regula el azúcar en la sangre
2015			La flor de Jamaica podría ayudar a regular el azúcar en la sangre, pues podría inhibir la actividad de algunas enzimas pancreáticas e intestinales que se encargan de la digestión de los carbohidratos en el intestino delgado, evitando así picos de glucemia y una excreción excesiva de insulina, ayudando a prevenir la diabetes y a mejorar la glucosa en el caso de las personas que la padecen.
2016			
2017			Favorece la pérdida de peso
2018			Gracias a su contenido de polifenoles, principalmente antocianinas, flavonoides y otros compuestos fenólicos, como el galoil, el ácido clorogénico, la quercetina y el ácido cafeico, el consumo regular de flor de Jamaica podría favorecer la pérdida de peso y prevenir la obesidad, debido a que ayuda a regular el azúcar en la sangre, disminuye la absorción de los carbohidratos a nivel intestinal y mejora el metabolismo de las grasas en el organismo.
2019			
2020			Cuida la salud del hígado
2021			La flor de Jamaica podría inhibir la producción de ácidos grasos en el hígado, por lo que podría mejorar y evitar el hígado graso, mejorando su funcionamiento. Además, podría incrementar las enzimas que se encargan de desintoxicar el organismo, reduciendo así el daño hepático.
2022			Posee propiedades antioxidantes
2023			La flor de Jamaica posee propiedades antioxidantes gracias a que es rico en polifenoles, principalmente antocianinas, que inhiben el estrés oxidativo y evitan la formación de los radicales libres, así como el daño que estos puedan causar a las células, previniendo así el envejecimiento prematuro, el surgimiento de enfermedades crónicas e incluso el cáncer.
2024			
2025			Ayuda a combatir bacterias
2026			Algunos estudios indican que la flor de Jamaica posee propiedades antimicrobianas, ayudando a inhibir la actividad de bacterias, como Escherichia Coli, una bacteria que causa diarrea y molestias gastrointestinales; así como de otros microorganismos, como Staphylococcus aureus y Pseudomona aeruginosa, por ejemplo.
2027			
2028			Previene las infecciones urinarias
2029			Como fue mencionado anteriormente, la flor de Jamaica posee propiedades antimicrobianas, y según algunos estudios científicos, ayuda a combatir bacterias como Escherichia coli y Klebsiella pneumoniae, que son los principales microorganismos encargados de ocasionar infecciones urinarias.
2030			
2031			Asimismo, también posee propiedades diuréticas que ayudan a aumentar la cantidad de orina producida, favoreciendo la eliminación de estas bacterias y previniendo el surgimiento de infecciones recurrentes.
2032		media/image46.png	
2033			HOJA DE NARANJA
2034			Las hojas de naranja, provenientes del árbol Citrus sinensis, no solo desprenden un aroma cítrico agradable, sino que también poseen propiedades beneficiosas para la salud. Aquí te presento información basada en estudios e investigaciones científicas:
2035			Origen y características:
2036			Origen:
2037			El naranjo es originario del sudeste asiático, específicamente de regiones de China y Vietnam.
2038			Desde allí, se extendió a otras partes del mundo, adaptándose a climas cálidos y templados.
2039			Características:
2040			Las hojas del naranjo son perennes, de forma ovalada y color verde oscuro.
2041			Desprenden un aroma característico debido a la presencia de aceites esenciales.
2042			El árbol puede crecer hasta 13 metros de altura.
2043			Propiedades para la salud humana:
2044			Propiedades relajantes y sedantes:
2045			Las hojas de naranja contienen compuestos como el limoneno y el linalool, que poseen efectos relajantes sobre el sistema nervioso.
2046			Se ha utilizado tradicionalmente para aliviar el estrés, la ansiedad y el insomnio.
2047			Propiedades digestivas:
2048			La infusión de hojas de naranja puede ayudar a aliviar problemas digestivos como la indigestión, los gases y los espasmos estomacales.
2049			Propiedades antioxidantes:
2050			Las hojas de naranja contienen antioxidantes que ayudan a proteger las células del daño causado por los radicales libres.
2051			Otros usos:
2052			Se le atribuyen propiedades antitusígenas y para bajar la fiebre.
2053			Preparación y dosis:
2054			Infusión:
2055			Se prepara una infusión con 1-2 cucharaditas de hojas de naranja secas por taza de agua caliente.
2056			Se deja reposar durante 5-10 minutos y se cuela.
2057			Se pueden consumir 2-3 tazas al día.
2058			Uso externo:
2059			El aceite esencial de hojas de naranja se puede utilizar en masajes o baños para aliviar el estrés y la tensión muscular.
2060			Precauciones:
2061			Aunque generalmente seguras, las hojas de naranja pueden causar reacciones alérgicas en algunas personas.
2062			Se recomienda consultar a un profesional de la salud antes de utilizar 1 las hojas de naranja con fines medicinales, especialmente en caso de embarazo, lactancia o enfermedades crónicas.
2063			www.beauastbon.fr
2064			HIERBA MAGGI
2065			
2066			
2067			HIERBA LUISA
2068			
2069			
2070			HERCAMPURI
2071			
2072			
2073			GUAYUSA
2074			
2075		media/image41.png	GUAVIDUCA
2076			Es una planta conocida por sus propiedades medicinales y se utiliza tradicionalmente en la medicina herbolaria. Algunas de sus propiedades y usos incluyen:
2077			Propiedades antiinflamatorias: Ayuda a reducir la inflamación en diferentes partes del cuerpo.
2078			Propiedades analgésicas: Puede aliviar el dolor, siendo útil para tratar dolores musculares y articulares.
2079			Propiedades digestivas: Se utiliza para mejorar la digestión y tratar problemas gastrointestinales.
2080			Propiedades antiparasitarias: Ayuda a combatir parásitos intestinales.
2081			Uso: Agregar 12gr de Guaviduca en un litro de agua hirviendo y dejar por 3 minutos. Endulzar al gusto, se recomienda tomar 3 tazas al día.
2082		media/image76.png	GRAVIOLA O GUANÁBANA
2083			La graviola, también conocida como guanábana o soursop, es una fruta tropical que proviene del árbol Annona muricata. Es originaria de las regiones del Caribe, Centroamérica y América del Sur1. La fruta tiene una piel verde y una pulpa blanca y dulce con pepitas negras no comestibles.
2084	Heading3		Beneficios y Propiedades de la Graviola:
2085			Propiedades antioxidantes: Contiene compuestos como tanninas, saponinas, fitoesteroles, flavonoides y antraquinonas, que ayudan a proteger las células del daño causado por los radicales libres.
2086			Propiedades antiinflamatorias: Puede ayudar a reducir la inflamación y aliviar el dolor.
2087			Regulación del azúcar en sangre: La fibra presente en la graviola ayuda a controlar los niveles de glucosa en sangre.
2088			Propiedades digestivas: Ayuda a mejorar la digestión y prevenir problemas como el estreñimiento.
2089			Propiedades hipotensoras: Puede ayudar a reducir la presión arterial.
2090			Fortalecimiento del sistema inmunológico: Rica en vitamina C, que fortalece el sistema inmunológico.
2091			Propiedades antipiréticas: Ayuda a aliviar los síntomas febriles.
2092			Alivio de la gripe: Puede calmar los síntomas de la gripe y contrarrestar la tos.
2093			Beneficios para los riñones: Puede ser útil para tratar cólicos renales y otros problemas renales.
2094			Es importante tener en cuenta que, aunque la graviola tiene muchos beneficios, también puede tener contraindicaciones, especialmente para mujeres embarazadas, personas con paperas o cualquier herida en la boca, y personas con presión arterial baja
2095			
2096			EUCALIPTO AROMÁTICO
2097	Heading3	media/image104.png	Propiedades
2098			El eucalipto aromático tiene varias propiedades beneficiosas:
2099			Antisépticas: Ayuda a eliminar bacterias y hongos.
2100			Antiinflamatorias: Reduce la inflamación.
2101			Cicatrizantes: Ayuda en la cicatrización de heridas.
2102			Expectorantes: Facilita la expulsión de mucosidad.
2103			Inmunoestimulantes: Fortalece el sistema inmunológico.
2104	Heading3		Usos Medicinales
2105			El eucalipto aromático se utiliza principalmente para tratar problemas respiratorios como:
2106			Gripe y resfriado: Alivia la congestión nasal y la tos.
2107			Bronquitis y asma: Relaja los músculos respiratorios.
2108			Sinusitis: Ayuda a despejar los senos paranasales.
2109	Heading3		Preparación
2110			Té de Eucalipto: Hierve agua y añade unas hojas de eucalipto. Deja reposar por 10 minutos y cuela antes de beber.
2111			Inhalación: Añade unas gotas de aceite esencial de eucalipto a un recipiente con agua caliente y respira el vapor.
2112			Compresas: Aplica aceite esencial de eucalipto en una gasa y colócala sobre la piel para aliviar dolores musculares y articulares.
2113			www.herbario.istmas.edu.ec
2114			www.ecologiaverde.com
2115			www.tuasaude.com
2116			
2117			
2118			ESTRAGÓN
2119	Heading3	media/image24.png	Información Principal
2120			Nombre Científico: Artemisia dracunculus
2121			Familia Botánica: Asteraceae
2122			Parte Utilizada: Hojas y raíces
2123	Heading3		Propiedades
2124			El estragón tiene varias propiedades beneficiosas:
2125			Antioxidante: Ayuda a neutralizar los radicales libres y proteger las células del daño.
2126			Digestivo: Favorece la producción de bilis y mejora la digestión.
2127			Antiinflamatorio: Reduce la inflamación en el cuerpo.
2128			Antiparasitario: Ayuda a combatir parásitos intestinales.
2129			Sedante: Puede ayudar a aliviar el estrés y la ansiedad.
2130	Heading3		Usos Medicinales
2131			Problemas Digestivos: Se utiliza para tratar la mala digestión, el gas y los cólicos abdominales.
2132			Problemas Hepáticos: Ayuda a estimular la producción y eliminación de bilis, mejorando la salud del hígado.
2133			Parásitos Intestinales: Se utiliza para eliminar parásitos intestinales.
2134			Dolores Musculares y Articulares: Puede aliviar dolores musculares y articulares debido a sus propiedades antiinflamatorias.
2135			Problemas de Sueño: Ayuda a conciliar el sueño debido a sus propiedades sedantes.
2136	Heading3		Preparación
2137			Infusión: Se pueden utilizar las hojas secas para hacer una infusión. Hierve una cucharada de hojas secas en una taza de agua durante 10-15 minutos.
2138			Té de Estragón: Puedes preparar un té con hojas frescas o secas. Hierve una cucharada de hojas en una taza de agua durante 10 minutos y cuela antes de beber.
2139			Compresas: Aplica aceite esencial de estragón en una gasa y colócala sobre la piel para aliviar dolores musculares y articulares.
2140		media/image78.png	COLA DE CABALLO
2141			El Equisetum arvense, también conocido como cola de caballo, es una planta medicinal que ha sido utilizada desde la antigüedad.
2142			Entre las propiedades principales tenemos:
2143			Diurético: Ayuda a aumentar la producción de orina, lo que puede ser útil para eliminar toxinas del cuerpo.
2144			Antioxidante: Contiene compuestos que ayudan a neutralizar los radicales libres y proteger las células del daño.
2145			Fortalecimiento óseo: Rica en silicio, que es esencial para la salud ósea.
2146			Propiedades antiinflamatorias: Puede ayudar a reducir la inflamación en el cuerpo.
2147			Usos medicinales:
2148			Problemas renales y del tracto urinario: Se utiliza para tratar infecciones urinarias y problemas renales debido a sus propiedades diuréticas.
2149			Osteoporosis: Se ha sugerido como tratamiento para la osteoporosis debido a su contenido de silicio, que ayuda a mejorar la densidad ósea.
2150			Heridas y quemaduras: Se puede aplicar tópicamente para ayudar a la cicatrización de heridas y quemaduras menores.
2151			Cuidado de la piel: Utilizada en algunos productos cosméticos para mejorar la salud de la piel.
2152			Preparación:
2153			Infusión: Se pueden utilizar las partes aéreas frescas o secas de la planta para hacer una infusión. Se hierve una cucharada de cola de caballo seca en una taza de agua durante 10-15 minutos.
2154			Extracto líquido: También se puede encontrar en forma de extracto líquido, que se puede tomar según las indicaciones del fabricante.
2155			Cápsulas: Disponibles en cápsulas estándar que contienen un porcentaje específico de silicio
2156			www.mountsinai.org
2157			
2158		media/image117.png	PASIFLORA
2159			La pasiflora, también conocida como flor de la pasión, es una planta originaria de América que se utiliza con fines medicinales por sus propiedades relajantes.
2160			Entre sus usos se encuentran: ayuda para controlar el estrés, el insomnio, migrañas fuertes, cansancio físico y mental, palpitaciones del corazón, depresión, hiperexcitación nerviosa, irritabilidad, ansiedad, angustia emocional, hipertensión arterial, lagunas mentales.
2161			La pasiflora contiene flavonoides, que intervienen en el funcionamiento del ácido GABA, un neurotransmisor que ayuda a dormir y a disminuir el estrés y la ansiedad.
2162			Para conciliar el sueño, se recomienda tomar una dosis al atardecer y otra de media a una hora antes de ir a dormir.
2163			
2164			ENELDO
2165		media/image71.jpg	Esta hierba aromática tiene un sabor dulzón, anisado y fresco. De ella se aprovechan las hojas, las semillas y las flores, como condimento culinario y para hacer infusiones para tratar ciertos problemas de salud, como la acidez de estómago o las digestiones pesadas.
2166			Facilita la digestión
2167			
2168			El eneldo es bueno para combatir flatulencias (es carminativo), antiespasmódico, y antidispéptico, en resumen, vuelve las digestiones livianas y evita molestias estomacales.
2169			
2170			Diurético
2171			Es un excelente diurético natural que ayuda a eliminar toxinas de nuestro cuerpo y tomarlo.
2172			
2173			Refuerza el sistema inmunológico
2174			El eneldo fresco es rico en vitamina C, por lo que nos ayuda a reforzar el sistema inmunológico y prevenir resfriados.
2175			
2176			Alivia los dolores menstruales
2177			Atenúa espasmos uterinos y dolores de la menstruación (cólico).
2178			
2179			
2180			Calma las hemorroides
2181			Las infusiones de eneldo ayudan a calmar el dolor que producen las hemorroides.
2182			
2183		media/image55.png	ESTEVIA
2184			La estevia (Stevia rebaudiana) es una planta originaria de Sudamérica, específicamente de Paraguay y Brasil, conocida por su intenso dulzor y sus potenciales beneficios para la salud.
2185			Características y Procedencia:
2186			Origen: La estevia es un arbusto perenne que crece de forma silvestre en regiones tropicales y subtropicales.
2187			Dulzor: Sus hojas contienen compuestos, principalmente esteviósido y rebaudiósido A, que son hasta 300 veces más dulces que el azúcar común (sacarosa).
2188			Formas de presentación:
2189			-Hojas: Se pueden usar frescas o secas para infusión.
2190			-Polvo: Extracto concentrado de las hojas.
2191			-Líquido: Solución acuosa concentrada del extracto.
2192			Usos en la Salud Humana:
2193			Edulcorante natural: La estevia es una alternativa popular al azúcar, especialmente para personas con diabetes o que buscan reducir su consumo de calorías.
2194			Control de la glucosa: Algunos estudios sugieren que la estevia puede ayudar a mejorar la sensibilidad a la insulina y reducir los niveles de glucosa en sangre.
2195			Presión arterial: Se ha investigado su potencial para ayudar a disminuir la presión arterial en personas con hipertensión.
2196			Propiedades antioxidantes: La estevia contiene compuestos antioxidantes que pueden proteger las células del daño causado por los radicales libres.
2197			Otros posibles beneficios: Se investiga su potencial antiinflamatorio, antimicrobiano y para la salud cardiovascular.
2198			Dosis Correspondientes:
2199			La Administración de Alimentos y Medicamentos de los Estados Unidos (FDA) ha establecido una ingesta diaria admisible (IDA) de 4 mg/kg de peso corporal para los glucósidos de esteviol (los compuestos dulces de la estevia).
2200			Es importante tener en cuenta que las equivalencias de endulzado varían dependiendo de la presentación de la estevia:
2201			Hoja fresca: Endulza aproximadamente 15 veces más que el azúcar.
2202			Hoja seca: Endulza aproximadamente 30 veces más que el azúcar.
2203			Extracto de estevia: Endulza entre 200 y 300 veces más que el azúcar.
2204			Siempre es recomendable consultar con un profesional de la salud antes de incorporar la estevia a su dieta, especialmente si tiene alguna condición médica o está tomando medicamentos.
2205			Consideraciones Importantes:
2206			Aunque la estevia es generalmente segura, algunas personas pueden experimentar efectos secundarios como náuseas, hinchazón o gases.
2207			Es importante elegir productos de estevia de alta calidad, ya que algunos pueden contener aditivos o rellenos.
2208			DIENTE DE LEÓN
2209			El diente de león, conocido científicamente como Taraxacum officinale, es una planta perenne de la familia Asteraceae, ampliamente estudiada por sus propiedades medicinales y beneficios para la salud.
2210	Heading3		Procedencia
2211			"El diente de león es originario de Eurasia, pero se ha extendido a casi todos los continentes, incluyendo América del Norte y del Sur. Es común encontrarlo en prados, caminos y jardines, donde a menudo se le considera una ""mala hierba""."
2212	Heading3		Características
2213			Morfología: Es una planta herbácea con hojas basales en forma de roseta, profundamente dentadas, de donde proviene su nombre. Sus flores amarillas están compuestas por numerosos floretes individuales y producen frutos con vilano, que facilitan su dispersión por el viento2.
2214			Altura: Puede alcanzar hasta 40 cm de altura.
2215			Raíz: Tiene una raíz primaria larga y robusta, utilizada en diversas aplicaciones medicinales.
2216	Heading3		Usos en la salud humana
2217			El diente de león es conocido por sus múltiples beneficios:
2218			Hepatoprotector: Estimula la producción y expulsión de bilis, ayudando en la digestión y en la desintoxicación del hígado.
2219			Diurético natural: Favorece la eliminación de líquidos y toxinas, mejorando la función renal.
2220			Antioxidante: Sus compuestos bioactivos ayudan a combatir el estrés oxidativo.
2221			Control de peso: Se ha estudiado su efecto positivo en el metabolismo de lípidos.
2222			Otros beneficios: Ayuda en el tratamiento de infecciones urinarias, mejora la salud cardiovascular y puede ser útil en el control de la diabetes.
2223	Heading3		Dosis recomendadas
2224			Infusión: Hervir 1-2 cucharaditas de hojas o raíces secas en una taza de agua durante 10 minutos. Consumir 2-3 veces al día.
2225			Hojas frescas: Entre 4 y 10 gramos diarios, ya sea en ensaladas o cocidas.
2226			Tintura: 0,4-1 cucharadita (2-5 ml) tres veces al día.
2227			Jugo fresco: 1 cucharadita (5 ml) dos veces al día.
2228	Heading3		Precauciones
2229			Aunque generalmente es seguro, su consumo debe ser moderado y bajo supervisión médica, especialmente en personas con condiciones de salud específicas o que estén tomando medicamentos.
2230			www.plantasyflores.pro     www.lafarmaonline.com www.cronista.com
2231			Existen varios estudios científicos que respaldan los beneficios del diente de león (Taraxacum officinale) en la salud humana. Aquí te comparto algunos ejemplos destacados:
2232			Revisión sistemática sobre propiedades medicinales: Un estudio publicado en 2022 analiza las aplicaciones del diente de león en tratamientos como estimulante del flujo biliar, depurativo de la sangre, antioxidante, diurético y laxante suave.
2233			Efectos diuréticos y depurativos: Investigaciones recientes han demostrado que el diente de león posee compuestos activos que estimulan la producción de orina y la eliminación de líquidos corporales, siendo una alternativa natural a los diuréticos sintéticos.
2234			Propiedades depurativas y protectoras hepáticas: Otro estudio destaca su uso en la medicina tradicional para el tratamiento de afecciones hepáticas y su capacidad antioxidante, además de su composición rica en vitaminas y minerales
2235			Existen varios remedios naturales que comparten propiedades similares al diente de león (Taraxacum officinale), especialmente en términos de desintoxicación, apoyo hepático y efectos diuréticos. Aquí tienes algunos ejemplos destacados:
2236			Cardo mariano (Silybum marianum)**: Es conocido por su capacidad para proteger y regenerar las células hepáticas gracias a su compuesto activo, la silimarina. Se utiliza ampliamente para tratar problemas hepáticos y desintoxicar el organismo.
2237			Cola de caballo (Equisetum arvense)**: Este remedio natural es un potente diurético que ayuda a eliminar líquidos y toxinas del cuerpo. También es rico en minerales como el silicio, que beneficia la salud ósea y capilar.
2238			Ortiga (Urtica dioica)**: Tiene propiedades diuréticas y depurativas, además de ser rica en hierro y otros nutrientes esenciales. Es útil para combatir la retención de líquidos y mejorar la salud general.
2239			Bardana (Arctium lappa)**: Se utiliza tradicionalmente como depurativo y para mejorar la salud de la piel. También tiene propiedades antiinflamatorias y antioxidantes.
2240			Achicoria (Cichorium intybus)**: Similar al diente de león, esta planta estimula la producción de bilis y apoya la función hepática. También es conocida por sus beneficios digestivos.
2241			Cada uno de estos remedios tiene sus propias características y beneficios únicos, por lo que la elección dependerá de las necesidades específicas de cada persona.
2242		media/image10.png	CHILANGUA
2243			"La ""chilangua"", conocida científicamente como Eryngium foetidum, es una hierba aromática ampliamente utilizada en la gastronomía y la medicina tradicional de varias regiones de América Latina y el Caribe. Aquí te presento información basada en estudios e investigaciones científicas sobre esta planta:"
2244			Procedencia y Características:
2245			Origen: Es nativa de las regiones tropicales de América, donde crece de forma silvestre.
2246			
2247			Características:
2248			Posee un aroma y sabor intensos, similares al cilantro, pero más fuertes.
2249			Sus hojas son alargadas, con bordes dentados y espinosos.
2250			Crece en climas cálidos y húmedos.
2251			Se utilizan tanto sus hojas como sus raíces.
2252			Usos en la Salud Humana:
2253			Propiedades medicinales tradicionales:
2254			Se ha utilizado tradicionalmente para tratar problemas digestivos como diarrea y estreñimiento.
2255			Se le atribuyen propiedades antiinflamatorias y analgésicas.
2256			En algunas culturas, se utiliza para aliviar dolores de cabeza y fiebre.
2257			Se utiliza para disminuir la presión arterial.
2258			Investigación científica:
2259			Estudios han identificado compuestos en la chilangua con propiedades antioxidantes y antimicrobianas.
2260			Se ha investigado su potencial para reducir la inflamación y el dolor.
2261			Algunas investigaciones sugieren que podría tener efectos beneficiosos sobre la salud cardiovascular.
2262			Se ha encontrado que tiene alta concentración de: caroteno, calcio, hierro, vitaminas A, B1, B2 Y C.
2263			Dosis Recomendadas:
2264			Debido a la falta de estudios clínicos extensos, no se han establecido dosis estandarizadas para el consumo de chilangua con fines medicinales.
2265			En la medicina tradicional, se utiliza en forma de infusiones, decocciones o como condimento en las comidas.
2266			Es importante tener precaución y consultar con un profesional de la salud antes de utilizar la chilangua con fines medicinales, especialmente si se está embarazada, lactando o tomando otros medicamentos.
2267			Consideraciones Importantes:
2268			Aunque la chilangua se considera generalmente segura para el consumo como condimento, es importante utilizarla con moderación.
2269			Algunas personas pueden ser alérgicas a la planta, por lo que se recomienda precaución al probarla por primera vez.
2270			Es importante tener en cuenta que la información sobre los usos medicinales de la chilangua se basa principalmente en la medicina tradicional y en estudios preliminares. Se necesitan más investigaciones para confirmar sus beneficios y determinar las dosis seguras y efectivas.
2271			
2272			CHANCAPIEDRA
2273			
2274			CEDRÓN
2275			
2276			CALÉNDULA
2277			
2278			ATACO
2279			
2280			BOLDO
2281			
2282			ALCACHOFA
2283			
2284			ALFALFA MOLIDA
2285			
2286			APIO
2287			
2288			HOJA DE GUANABANA
2289			
2290			
2291			
2292		media/image4.png	HOJAS DE MANGO
2293			Los principales beneficios de las hojas del mango son:
2294			Protege el sistema inmune, debido a la concentración de compuestos vegetales que contiene, lo cual ayuda a combatir los efectos negativos de los radicales libres. Específicamente sirven para cuidar la salud de los ojos y del sistema inmune.
2295			Es complemento del tratamiento para la diabetes, ya que mejora el metabolismo de las grasas y controla los niveles de glucosa en sangre. No se debe tomar solo, sino como un acompañante del tratamiento para la diabetes.
2296			Es antiinflamatorio. Sus propiedades permiten inhibir el exceso de inflamación, además, ayudaría a reducir el riesgo de problemas cardiacos y neurológicos. Los efectos antiinflamatorios son el principal beneficio de las hojas de mango.
2297			Es aliado en la pérdida de peso, debido a que ayuda al metabolismo a quemar grasas. Se debe acompañar de una dieta balanceada y ejercicio constante.
2298			Mejora la salud de la piel, ya que contiene altos niveles de antioxidantes que ayudan a prevenir el envejecimiento prematuro.
2299			La recomendación es usar la hoja de mango en infusión: 30 gramos de hojas de mango por litro de agua y beberlo durante el día.
2300			
2301			VALERIANA
2302			La valeriana (Valeriana officinalis) es conocida por sus propiedades relajantes y sedantes, y su raíz (fresca o seca) es la parte más utilizada para infusiones.
2303			Pasos para preparar infusión con raíz fresca de valeriana:
2304			1. Limpia bien la raíz: - Lava la raíz fresca bajo agua fría para eliminar tierra o impurezas. - Pélala ligeramente si tiene piel gruesa (opcional, pero puede reducir el amargor). 2. Corta o machaca la raíz: - Corta trozos pequeños (1–2 cm) o aplástalos con un mortero para liberar sus compuestos activos (como el ácido valerénico). 3. Dosis aproximada: - Usa 1 cucharadita de raíz fresca troceada por taza de agua (250 ml). - Si prefieres un efecto más suave, reduce la cantidad. 4. Calienta el agua: - Hierve agua y apaga el fuego antes de agregar la raíz (el agua muy caliente puede degradar algunos compuestos). 5. Infusión y reposo: - Vierte el agua sobre la raíz y tapa la taza. - Deja reposar **10–15 minutos** (más tiempo = más intenso el sabor y efecto). - Cuela antes de tomar. 6. Consumo: - Tómala caliente o tibia, preferiblemente **30–60 minutos antes de dormir** para aprovechar su efecto relajante. Notas importantes:
2305			- Sabor fuerte: La infusión de valeriana es amarga y con un aroma intenso. Puedes endulzarla con miel o mezclarla con otras hierbas (como manzanilla o menta).
2306			- Efecto gradual: Sus propiedades sedantes pueden tardar algunas semanas en notarse si se usa de forma regular.
2307			- Contraindicaciones: No se recomienda en embarazo, lactancia, niños pequeños o personas que toman medicamentos sedantes (consulta a un médico).
2308			- Almacenamiento: Si sobra raíz fresca, sécala en un lugar oscuro y ventilado para guardarla en un frasco hermético. El tiempo necesario para que la raíz de valeriana muestre efectos notorios en el insomnio y los despertares nocturnos puede variar según cada persona, pero generalmente se requieren varios días o semanas de uso constante. Aquí te detallo lo que debes considerar: 1. Tiempo estimado para notar efectos
2309			- Primeras semanas (2–4 semanas): - Muchas personas comienzan a notar mejoría en la calidad del sueño (menos despertares, mayor relajación) después de 7 a 14 días de consumo regular. - La valeriana actúa acumulativamente en el sistema nervioso, modulando los receptores de GABA (un neurotransmisor calmante), por lo que su efecto no suele ser inmediato. - Uso prolongado (hasta 4–6 semanas): - Estudios clínicos sugieren que su máxima eficacia se alcanza después de **4 semanas de uso diario**. - Pasado este tiempo, se recomienda hacer una **pausa** (ver punto 3). 2. Cómo tomarla para mejores resultados - Dosis: - Infusión: 1 cucharadita de raíz seca o fresca (2–3 g) por taza, 1–2 veces al día (la última dosis, 30–60 min antes de dormir). - Extracto o tintura: Seguir las indicaciones del fabricante (generalmente 300–600 mg de extracto estandarizado antes de dormir). - Consistencia: - Tomarla todos los días a la misma hora (especialmente antes de acostarse) para potenciar su efecto regulador del sueño. 3. ¿Se puede tomar indefinidamente? - No es recomendable. La valeriana pierde eficacia con el uso prolongado y el cuerpo puede acostumbrarse. - Ciclos sugeridos: - 4-6 semanas de uso continuo, luego descansar1-2 semanas. - Alternar con otras plantas sedantes (como pasiflora, melisa o amapola de California) para evitar tolerancia. 4. Efectos secundarios y precauciones - En algunas personas: Puede causar somnolencia diurna, mareos o dolor de cabeza (ajusta la dosis si ocurre). - Contraindicaciones: - Evitar si tomas ansiolíticos, antidepresivos o alcohol (potencia efectos sedantes). - No recomendada en embarazo, lactancia o niños menores de 12 años. 5. Otras recomendaciones para el insomnio - Combina la valeriana con hábitos de sueño saludables: - Rutina fija para acostarte. - Evita pantallas 1 hora antes de dormir. - Ambiente fresco y oscuro en el dormitorio. Conclusión
2310			Prueba la valeriana durante 2-4 semanas de forma constante. Si no notas mejoría, consulta a un profesional de salud para descartar causas subyacentes del insomnio (estrés, apnea, deficiencias nutricionales, etc.).
2311			
2312			
2313			HARINAS
2314			POLEN
2315			
2316			COUS COUS
2317			
2318			PANKO
2319			
2320			COCO EN HOJUELA
2321			
2322			HARINA DE COCO
2323			
2324			HARINA DE ALMENDRA
2325			
2326			HARINA DE QUINUA
2327			
2328			HARINA DE ARROZ
2329			
2330			GELATINA SIN SABOR
2331			COLAGENO HIDROLIZADO
2332			
2333			MACA NEGRA
2334			
2335			MACA ROJA
2336			
2337			MACA AMARILLA
2338			
2339			
2340			
2341			
2342			REPOSTERÍA
2343			Choco cobertura blanca
2344			Choco cobertura negra
2345			choc chispas negro
2346			choco chispas blanca
2347			cacao en polvo
2348			chocolate amargo en tableta
2349			chocolate dulce en tableta
2350			Agar agar
2351			goma xantana
2352			
2353			SALES Y COMPUESTOS
2354			sal rosada del himalaya
2355			sal marina
2356			SNACK TRADICONALES
2357			CONFITES
2358			fruta confitada
2359			Choco grajeas
2360			cerezas en almibar
2361			naranja confitada
2362			jengibre confitado
2363			choco nuez
2364			choco almendra
2365			choco avellana
2366			choco macadamia
2367			choco arándanos
2368			choco pasas
2369			choco naranja
2370			choco café
2371			choco maracuyá
2372			choco menta
2373			choco cereza
2374			maní ajonjolí
2375			maní cris
2376			maní japones
2377			caramelo almendra
2378			maní cris
2379			maní horneado
2380			almendra salada
2381			almendra ahumada
2382			habas saladas
2383			habas picantes
2384			habas de dulce
2385			Maca:
2386			Potencia tu bienestar
2387		media/image7.png	Energía natural: La Maca te proporciona un impulso de energía duradero y sostenido, manteniéndote activo y alerta durante todo el día.
2388		media/image3.png	Equilibrio hormonal: Regula tus hormonas de forma natural, ayudándote a mantener un equilibrio óptimo y a aliviar los síntomas de desequilibrios hormonales.
2389		media/image22.png	Impulsa tu libido: Mejora tu vida amorosa y tu intimidad con la Maca, que ha demostrado aumentar la libido tanto en hombres como en mujeres.
2390		media/image35.png	Bienestar mental: Nutre tu mente y reduce el estrés con los nutrientes y antioxidantes presentes en la Maca, promoviendo un estado de ánimo positivo y una sensación general de bienestar.
2391		media/image31.png	Refuerza tu sistema inmunológico: Protege tu salud fortaleciendo tus defensas naturales con los poderosos nutrientes de la Maca.
2392			¡Integra la Maca en tu rutina diaria y experimenta una mejora notable en tu salud y vitalidad!
2393			
2394			AVENA EN HOJUELA
2395			Por su característica saciante ayuda a perder peso, controla los niveles de azúcar en la sangre, mejora la digestión, es gran fuente de energía y protección, previene enfermedades, ayuda al sistema nervioso y a los huesos, regenera los tejidos
2396			
2397			MATCHA:
2398			Favorece a la quema de grasa de forma natural
2399			Ideal en dietas para bajar de peso
2400			Sacia el hambre
2401			Reduce el colesterol
2402			Ayuda a eliminar líquidos retenidos
2403			Baja los niveles de azúcar en la sangre
2404			Ayuda a controlar la diabetes y a prevenir la fibrosis hepática
2405			Posee un alto contenido de antioxidantes
2406			Fortalece el sistema inmunitario y reduce el estrés
2407			Estimula la mente y relaja el cuerpo
2408			
2409			Los diferentes artículos son meramente informativos, no se trata de facultar o recetar ningún tratamiento médico ni realizar ningún tipo de diagnóstico. Se invita a acudir a un médico en el caso de presentar cualquier tipo de condición o malestar.
2410		media/image80.png	Habas fritas con sal
2411			
2412			
2413			
2414			
2415			
2416			
2417			
2418			
2419			
2420		media/image25.png	
2421			Tostado de dulce
2422			
2423			
2424			
2425			REFERENCIAS
2426			https://abejasenagricultura.org/9-beneficios-de-la-miel-respaldados-por-la-ciencia/
2427			https://www.webconsultas.com/curiosidades/aceite-de-coco-de-verdad-es-bueno-para-todo
2428			https://www.elle.com/es/belleza/salud-fitness/a34725332/granola-beneficios-propiedades-dieta/
2429			https://naturespath.com/es-mx/blogs/posts/los-beneficios-para-la-salud-de-las-semillas-de-canamo
2430			https://www.atida.com/es-es/blog/diccionario-farmacia/amaranto/#:~:text=El%20amaranto%20protege%20tu%20sistema,poseen%20un%20alto%20poder%20antioxidante.
2431			https://www.cascanueceschile.com/producto/amaranto-pop-natural/
2432			https://www.semana.com/vida-moderna/articulo/que-beneficios-tiene-la-avena-en-hojuelas/202213/
2433			https://www.sheepie.cl/SitioWeb/descripcion.php?codigo=C1801005
2434			https://www.lavanguardia.com/comer/materia-prima/20180928/452052642281/eneldo-propiedades-beneficios-valor-nutricional.html
2435			https://www.lavanguardia.com/comer/materia-prima/20180928/452052642281/eneldo-propiedades-beneficios-valor-nutricional.html
2436			https://www.lanacion.com.ar/lifestyle/cuidado-cuerpo-belleza/los-beneficios-para-la-salud-del-sesamo-blanco-y-negro
2437			https://www.endocrino.cat/es/blog-endocrinologia.cfm/ID/5940/ESP/-es-chia-.htm
2438			https://www.tuasaude.com/es/ajonjoli/
2439			https://www.tuasaude.com/es/flor-de-jamaica/
2440			https://www.aromasyespecias.com/producto/manicris/
2441			https://www.cuerpomente.com/alimentacion/pimienta-negra-propiedades_7479
2442			https://www.gallinablanca.es/noticia/los-tipos-de-pimienta-blanca-verde-rosa-y-negra/
2443			https://www.verema.com/blog/dolce-vita/1428496-diferencias-pimienta-verde-roja-blanca-negra
2444			https://www.fructusterrum.com/producto/paprika/
2445			https://www.clarin.com/internacional/cuanta-canela-consumir-dia-beneficios-dano-puede-causar_0_1sQtGN2jLN.html
2446			https://www.elfinanciero.com.mx/salud/2023/08/27/beneficios-de-la-curcuma-para-que-sirve-tomarla/
2447			https://www.trevijano.com/ingredientes/comino/
2448			https://www.prensalibre.com/vida/salud-y-familia/beneficios-de-la-hoja-de-mango-para-que-sirve-y-las-propiedades-de-esta-fruta-tropical/#:~:text=Es%20antiinflamatorio.,al%20metabolismo%20a%20quemar%20grasas.
2449			
2450			https://elpoderdelconsumidor.org/2021/06/el-poder-de-el-clavo-de-olor/
2451			
2452			https://www.piccantino.es/info/revista/la-pimienta-de-cayena-sabroso-picante-sano#:~:text=La%20pimienta%20de%20cayena%20se,es%20su%20intenso%20sabor%20picante.
2453			
2454			Kendall, C. W. C., Josse, A. R., Esfahani, A., & Jenkins, D. J. A. (2011). The impact of pistachio intake alone or in combination with high-carbohydrate foods on post-prandial glycemia. European Journal Of Clinical Nutrition, 65(6), 696-702. https://doi.org/10.1038/ejcn.2011.12
2455			
2456			https://cuidateplus.marca.com/alimentacion/diccionario/levadura-nutricional.html
2457			https://cuidateplus.marca.com/alimentacion/diccionario/espirulina.html
2458			https://www.elmundo.es/yodona/vida-saludable/2023/06/01/646f732521efa0a6218b4575.html
2459			
2460			https://www.elmundo.es/yodona/vida-saludable/2023/06/01/646f732521efa0a6218b4575.html
2461			
2462			
